--
-- PostgreSQL database dump
--

-- Dumped from database version 14.15
-- Dumped by pg_dump version 14.15

SET statement_timeout = 0;
SET lock_timeout = 0;
SET idle_in_transaction_session_timeout = 0;
SET client_encoding = 'UTF8';
SET standard_conforming_strings = on;
SELECT pg_catalog.set_config('search_path', '', false);
SET check_function_bodies = false;
SET xmloption = content;
SET client_min_messages = warning;
SET row_security = off;

--
-- Name: log_article_update(); Type: FUNCTION; Schema: public; Owner: postgres
--

CREATE FUNCTION public.log_article_update() RETURNS trigger
    LANGUAGE plpgsql
    AS $$
DECLARE
    editor_id INT;
BEGIN
    -- đ▒đÁĐÇĐĹđ╝ id đ┐đżđ╗ĐîđĚđżđ▓đ░ĐéđÁđ╗ĐĆ đŞđĚ session variable
    BEGIN
        editor_id := current_setting('myapp.current_user_id')::int;
    EXCEPTION WHEN others THEN
        editor_id := NULL; -- đÁĐüđ╗đŞ đŻđÁ ĐâĐüĐéđ░đŻđżđ▓đ╗đÁđŻ, ĐüđżĐůĐÇđ░đŻĐĆđÁđ╝ NULL
    END;

    INSERT INTO article_history(
        title,
        content,
        updated_at,
        status,
        views,
        id_article,
        id_user
    )
    VALUES (
        OLD.title,
        OLD.content,
        NOW(),
        OLD.status,
        OLD.views,
        OLD.id,
        editor_id
    );

    RETURN NEW;
END;
$$;


ALTER FUNCTION public.log_article_update() OWNER TO postgres;

SET default_tablespace = '';

SET default_table_access_method = heap;

--
-- Name: article; Type: TABLE; Schema: public; Owner: postgres
--

CREATE TABLE public.article (
    id integer NOT NULL,
    title character varying,
    content character varying,
    created_at timestamp without time zone,
    status character varying,
    views integer,
    id_user integer
);


ALTER TABLE public.article OWNER TO postgres;

--
-- Name: article_history; Type: TABLE; Schema: public; Owner: postgres
--

CREATE TABLE public.article_history (
    id integer NOT NULL,
    title character varying,
    content character varying,
    updated_at timestamp without time zone,
    status character varying,
    views integer,
    id_article integer,
    id_user integer
);


ALTER TABLE public.article_history OWNER TO postgres;

--
-- Name: article_history_id_seq; Type: SEQUENCE; Schema: public; Owner: postgres
--

CREATE SEQUENCE public.article_history_id_seq
    AS integer
    START WITH 1
    INCREMENT BY 1
    NO MINVALUE
    NO MAXVALUE
    CACHE 1;


ALTER TABLE public.article_history_id_seq OWNER TO postgres;

--
-- Name: article_history_id_seq; Type: SEQUENCE OWNED BY; Schema: public; Owner: postgres
--

ALTER SEQUENCE public.article_history_id_seq OWNED BY public.article_history.id;


--
-- Name: article_id_seq; Type: SEQUENCE; Schema: public; Owner: postgres
--

CREATE SEQUENCE public.article_id_seq
    AS integer
    START WITH 1
    INCREMENT BY 1
    NO MINVALUE
    NO MAXVALUE
    CACHE 1;


ALTER TABLE public.article_id_seq OWNER TO postgres;

--
-- Name: article_id_seq; Type: SEQUENCE OWNED BY; Schema: public; Owner: postgres
--

ALTER SEQUENCE public.article_id_seq OWNED BY public.article.id;


--
-- Name: article_image; Type: TABLE; Schema: public; Owner: postgres
--

CREATE TABLE public.article_image (
    id integer NOT NULL,
    id_article integer,
    id_image integer
);


ALTER TABLE public.article_image OWNER TO postgres;

--
-- Name: article_image_id_seq; Type: SEQUENCE; Schema: public; Owner: postgres
--

CREATE SEQUENCE public.article_image_id_seq
    AS integer
    START WITH 1
    INCREMENT BY 1
    NO MINVALUE
    NO MAXVALUE
    CACHE 1;


ALTER TABLE public.article_image_id_seq OWNER TO postgres;

--
-- Name: article_image_id_seq; Type: SEQUENCE OWNED BY; Schema: public; Owner: postgres
--

ALTER SEQUENCE public.article_image_id_seq OWNED BY public.article_image.id;


--
-- Name: image; Type: TABLE; Schema: public; Owner: postgres
--

CREATE TABLE public.image (
    id integer NOT NULL,
    image_name character varying,
    description bytea
);


ALTER TABLE public.image OWNER TO postgres;

--
-- Name: image_id_seq; Type: SEQUENCE; Schema: public; Owner: postgres
--

CREATE SEQUENCE public.image_id_seq
    AS integer
    START WITH 1
    INCREMENT BY 1
    NO MINVALUE
    NO MAXVALUE
    CACHE 1;


ALTER TABLE public.image_id_seq OWNER TO postgres;

--
-- Name: image_id_seq; Type: SEQUENCE OWNED BY; Schema: public; Owner: postgres
--

ALTER SEQUENCE public.image_id_seq OWNED BY public.image.id;


--
-- Name: role; Type: TABLE; Schema: public; Owner: postgres
--

CREATE TABLE public.role (
    id integer NOT NULL,
    name character varying,
    description character varying
);


ALTER TABLE public.role OWNER TO postgres;

--
-- Name: role_id_seq; Type: SEQUENCE; Schema: public; Owner: postgres
--

CREATE SEQUENCE public.role_id_seq
    AS integer
    START WITH 1
    INCREMENT BY 1
    NO MINVALUE
    NO MAXVALUE
    CACHE 1;


ALTER TABLE public.role_id_seq OWNER TO postgres;

--
-- Name: role_id_seq; Type: SEQUENCE OWNED BY; Schema: public; Owner: postgres
--

ALTER SEQUENCE public.role_id_seq OWNED BY public.role.id;


--
-- Name: user_role; Type: TABLE; Schema: public; Owner: postgres
--

CREATE TABLE public.user_role (
    id integer NOT NULL,
    id_user integer,
    id_role integer
);


ALTER TABLE public.user_role OWNER TO postgres;

--
-- Name: user_role_id_seq; Type: SEQUENCE; Schema: public; Owner: postgres
--

CREATE SEQUENCE public.user_role_id_seq
    AS integer
    START WITH 1
    INCREMENT BY 1
    NO MINVALUE
    NO MAXVALUE
    CACHE 1;


ALTER TABLE public.user_role_id_seq OWNER TO postgres;

--
-- Name: user_role_id_seq; Type: SEQUENCE OWNED BY; Schema: public; Owner: postgres
--

ALTER SEQUENCE public.user_role_id_seq OWNED BY public.user_role.id;


--
-- Name: users; Type: TABLE; Schema: public; Owner: postgres
--

CREATE TABLE public.users (
    login character varying,
    password character varying,
    reg_date timestamp without time zone,
    id integer NOT NULL,
    email character varying,
    name character varying
);


ALTER TABLE public.users OWNER TO postgres;

--
-- Name: users_id_seq; Type: SEQUENCE; Schema: public; Owner: postgres
--

CREATE SEQUENCE public.users_id_seq
    AS integer
    START WITH 1
    INCREMENT BY 1
    NO MINVALUE
    NO MAXVALUE
    CACHE 1;


ALTER TABLE public.users_id_seq OWNER TO postgres;

--
-- Name: users_id_seq; Type: SEQUENCE OWNED BY; Schema: public; Owner: postgres
--

ALTER SEQUENCE public.users_id_seq OWNED BY public.users.id;


--
-- Name: article id; Type: DEFAULT; Schema: public; Owner: postgres
--

ALTER TABLE ONLY public.article ALTER COLUMN id SET DEFAULT nextval('public.article_id_seq'::regclass);


--
-- Name: article_history id; Type: DEFAULT; Schema: public; Owner: postgres
--

ALTER TABLE ONLY public.article_history ALTER COLUMN id SET DEFAULT nextval('public.article_history_id_seq'::regclass);


--
-- Name: article_image id; Type: DEFAULT; Schema: public; Owner: postgres
--

ALTER TABLE ONLY public.article_image ALTER COLUMN id SET DEFAULT nextval('public.article_image_id_seq'::regclass);


--
-- Name: image id; Type: DEFAULT; Schema: public; Owner: postgres
--

ALTER TABLE ONLY public.image ALTER COLUMN id SET DEFAULT nextval('public.image_id_seq'::regclass);


--
-- Name: role id; Type: DEFAULT; Schema: public; Owner: postgres
--

ALTER TABLE ONLY public.role ALTER COLUMN id SET DEFAULT nextval('public.role_id_seq'::regclass);


--
-- Name: user_role id; Type: DEFAULT; Schema: public; Owner: postgres
--

ALTER TABLE ONLY public.user_role ALTER COLUMN id SET DEFAULT nextval('public.user_role_id_seq'::regclass);


--
-- Name: users id; Type: DEFAULT; Schema: public; Owner: postgres
--

ALTER TABLE ONLY public.users ALTER COLUMN id SET DEFAULT nextval('public.users_id_seq'::regclass);


--
-- Data for Name: article; Type: TABLE DATA; Schema: public; Owner: postgres
--

COPY public.article (id, title, content, created_at, status, views, id_user) FROM stdin;
3	đľđÁĐüĐéđ║đŞđ╣ đ│đÁđ╣đ╝	<h2>đôđ╗đ░đ▓đŻĐőđ╣ đ│đÁĐÇđżđ╣</h2>\n\n<img src="images/jensen.png" width="300">\n\n<p>đÉđ┤đ░đ╝ đöđÂđÁđŻĐüđÁđŻ ÔÇö đ│đ╗đ░đ▓đŻĐőđ╣ đ│đÁĐÇđżđ╣...</p>	2026-03-26 00:00:00	published	2	1
4	Python	\nPython ÔÇö ĐŹĐéđż đŞđŻĐéđÁĐÇđ┐ĐÇđÁĐéđŞĐÇĐâđÁđ╝Đőđ╣ ĐĆđĚĐőđ║ đ┐ĐÇđżđ│ĐÇđ░đ╝đ╝đŞĐÇđżđ▓đ░đŻđŞĐĆ đ▓ĐőĐüđżđ║đżđ│đż ĐâĐÇđżđ▓đŻĐĆ.\n\n## đśĐüĐéđżĐÇđŞĐĆ\n\nPython đ▒Đőđ╗ ĐüđżđĚđ┤đ░đŻ đôđ▓đŞđ┤đż đ▓đ░đŻ đáđżĐüĐüĐâđ╝đżđ╝ đ▓ 1989 đ│đżđ┤Đâ.\n\n## đ×Đüđżđ▒đÁđŻđŻđżĐüĐéđŞ\n\n- đčĐÇđżĐüĐéđżĐéđ░ ĐüđŞđŻĐéđ░đ║ĐüđŞĐüđ░\n- đčđżđ┤đ┤đÁĐÇđÂđ║đ░ đ×đ×đč\n- đĹđżđ╗ĐîĐłđ░ĐĆ ĐüĐéđ░đŻđ┤đ░ĐÇĐéđŻđ░ĐĆ đ▒đŞđ▒đ╗đŞđżĐéđÁđ║đ░\n\n## đčĐÇđŞđ╝đÁĐÇ đ║đżđ┤đ░\n\nprint("Hello, World!")	2026-03-10 00:00:00	published	3	1
9	đčđ┐đ░đ▓	# đĺđżĐé Đéđ░đ║ đ▒Đâđ┤đÁĐé đ▓Đőđ│đ╗ĐĆđ┤đÁĐéĐî\n## đ▓đ░Đł ĐéđÁđ║ĐüĐé	\N	published	2	\N
12	đŁđ░đĚđ▓đŻĐîĐćđÁ	# đčĐÇđŞđ╝đÁĐÇđŻđż Đéđ░đ║\nđĺđĺđĄđźđĺđĄđźđĺđĄđŽđĺđĄđĺđĄđĺđĄđŽđĺđĺđĺđĄđźđĺđĄđźđĺđĄđŽđĺđĄđĺđĄđĺđĄđŽđĺđĺđĺđĄđźđĺđĄđźđĺđĄđŽđĺđĄđĺđĄđĺđĄđŽđĺđĺđĺđĄđźđĺđĄđźđĺđĄđŽđĺđĄđĺđĄđĺđĄđŽđĺđĺđĺđĄđźđĺđĄđźđĺđĄđŽđĺđĄđĺđĄđĺđĄđŽđĺđĺđĺđĄđźđĺđĄđźđĺđĄđŽđĺđĄđĺđĄđĺđĄđŽđĺđĺđĺđĄđźđĺđĄđźđĺđĄđŽđĺđĄđĺđĄđĺđĄđŽđĺđĺđĺđĄđźđĺđĄđźđĺđĄđŽđĺđĄđĺđĄđĺđĄđŽđĺđĺđĺđĄđźđĺđĄđźđĺđĄđŽđĺđĄđĺđĄđĺđĄđŽđĺđĺđĺđĄđźđĺđĄđźđĺđĄđŽđĺđĄđĺđĄđĺđĄđŽđĺđĺđĺđĄđźđĺđĄđźđĺđĄđŽđĺđĄđĺđĄđĺđĄđŽđĺđĺđĺđĄđźđĺđĄđźđĺđĄđŽđĺđĄđĺđĄđĺđĄđŽđĺđĺđĺđĄđźđĺđĄđźđĺđĄđŽđĺđĄđĺđĄđĺđĄđŽđĺđĺđĺđĄđźđĺđĄđźđĺđĄđŽđĺđĄđĺđĄđĺđĄđŽđĺđĺđĺđĄđźđĺđĄđźđĺđĄđŽđĺđĄđĺđĄđĺđĄđŽđĺđĺđĺđĄđźđĺđĄđźđĺđĄđŽđĺđĄđĺđĄđĺđĄđŽđĺđĺđĺđĄđźđĺđĄđźđĺđĄđŽđĺđĄđĺđĄđĺđĄđŽđĺđĺđĺđĄđźđĺđĄđźđĺđĄđŽđĺđĄđĺđĄđĺđĄđŽđĺđĺđĺđĄđźđĺđĄđźđĺđĄđŽđĺđĄđĺđĄđĺđĄđŽđĺđĺđĺđĄđźđĺđĄđźđĺđĄđŽđĺđĄđĺđĄđĺđĄđŽđĺđĺđĺđĄđźđĺđĄđźđĺđĄđŽđĺđĄđĺđĄđĺđĄđŽđĺđĺđĺđĄđźđĺđĄđźđĺđĄđŽđĺđĄđĺđĄđĺđĄđŽđĺ\n## 2 đŚđ░đ│đżđ╗đżđ▓đżđ║\n\nđĺđĺđĄđźđĺđĄđźđĺđĄđŽđĺđĄđĺđĄđĺđĄđŽđĺđĺđĺđĄđźđĺđĄđźđĺđĄđŽđĺđĄđĺđĄđĺđĄđŽđĺđĺđĺđĄđźđĺđĄđźđĺđĄđŽđĺđĄđĺđĄđĺđĄđŽđĺđĺđĺđĄđźđĺđĄđźđĺđĄđŽđĺđĄđĺđĄđĺđĄđŽđĺđĺđĺđĄđźđĺđĄđźđĺđĄđŽđĺđĄđĺđĄđĺđĄđŽđĺđĺđĺđĄđźđĺđĄđźđĺđĄđŽđĺđĄđĺđĄđĺđĄđŽđĺđĺđĺđĄđźđĺđĄđźđĺđĄđŽđĺđĄđĺđĄđĺđĄđŽđĺđĺđĺđĄđźđĺđĄđźđĺđĄđŽđĺđĄđĺđĄđĺđĄđŽđĺđĺđĺđĄđźđĺđĄđźđĺđĄđŽđĺđĄđĺđĄđĺđĄđŽđĺđĺđĺđĄđźđĺđĄđźđĺđĄđŽđĺđĄđĺđĄđĺđĄđŽđĺđĺđĺđĄđźđĺđĄđźđĺđĄđŽđĺđĄđĺđĄđĺđĄđŽđĺđĺđĺđĄđźđĺđĄđźđĺđĄđŽđĺđĄđĺđĄđĺđĄđŽđĺđĺđĺđĄđźđĺđĄđźđĺđĄđŽđĺđĄđĺđĄđĺđĄđŽđĺđĺđĺđĄđźđĺđĄđźđĺđĄđŽđĺđĄđĺđĄđĺđĄđŽđĺđĺđĺđĄđźđĺđĄđźđĺđĄđŽđĺđĄđĺđĄđĺđĄđŽđĺđĺđĺđĄđźđĺđĄđźđĺđĄđŽđĺđĄđĺđĄđĺđĄđŽđĺđĺđĺđĄđźđĺđĄđźđĺđĄđŽđĺđĄđĺđĄđĺđĄđŽđĺđĺđĺđĄđźđĺđĄđźđĺđĄđŽđĺđĄđĺđĄđĺđĄđŽđĺđĺđĺđĄđźđĺđĄđźđĺđĄđŽđĺđĄđĺđĄđĺđĄđŽđĺđĺđĺđĄđźđĺđĄđźđĺđĄđŽđĺđĄđĺđĄđĺđĄđŽđĺđĺđĺđĄđźđĺđĄđźđĺđĄđŽđĺđĄđĺđĄđĺđĄđŽđĺđĺđĺđĄđźđĺđĄđźđĺđĄđŽđĺđĄđĺđĄđĺđĄđŽđĺđĺđĺđĄđźđĺđĄđźđĺđĄđŽđĺđĄđĺđĄđĺđĄđŽđĺđĺđĺđĄđźđĺđĄđźđĺđĄđŽđĺđĄđĺđĄđĺđĄđŽđĺđĺđĺđĄđźđĺđĄđźđĺđĄđŽđĺđĄđĺđĄđĺđĄđŽđĺđĺđĺđĄđźđĺđĄđźđĺđĄđŽđĺđĄđĺđĄđĺđĄđŽđĺđĺđĺđĄđźđĺđĄđźđĺđĄđŽđĺđĄđĺđĄđĺđĄđŽđĺđĺđĺđĄđźđĺđĄđźđĺđĄđŽđĺđĄđĺđĄđĺđĄđŽđĺđĺđĺđĄđźđĺđĄđźđĺđĄđŽđĺđĄđĺđĄđĺđĄđŽđĺđĺđĺđĄđźđĺđĄđźđĺđĄđŽđĺđĄđĺđĄđĺđĄđŽđĺđĺđĺđĄđźđĺđĄđźđĺđĄđŽđĺđĄđĺđĄđĺđĄđŽđĺđĺđĺđĄđźđĺđĄđźđĺđĄđŽđĺđĄđĺđĄđĺđĄđŽđĺđĺđĺđĄđźđĺđĄđźđĺđĄđŽđĺđĄđĺđĄđĺđĄđŽđĺđĺđĺđĄđźđĺđĄđźđĺđĄđŽđĺđĄđĺđĄđĺđĄđŽđĺđĺđĺđĄđźđĺđĄđźđĺđĄđŽđĺđĄđĺđĄđĺđĄđŽđĺđĺđĺđĄđźđĺđĄđźđĺđĄđŽđĺđĄđĺđĄđĺđĄđŽđĺđĺđĺđĄđźđĺđĄđźđĺđĄđŽđĺđĄđĺđĄđĺđĄđŽđĺđĺđĺđĄđźđĺđĄđźđĺđĄđŽđĺđĄđĺđĄđĺđĄđŽđĺđĺđĺđĄđźđĺđĄđźđĺđĄđŽđĺđĄđĺđĄđĺđĄđŽđĺđĺđĺđĄđźđĺđĄđźđĺđĄđŽđĺđĄđĺđĄđĺđĄđŽđĺđĺđĺđĄđźđĺđĄđźđĺđĄđŽđĺđĄđĺđĄđĺđĄđŽđĺđĺđĺđĄđźđĺđĄđźđĺđĄđŽđĺđĄđĺđĄđĺđĄđŽđĺđĺđĺđĄđźđĺđĄđźđĺđĄđŽđĺđĄđĺđĄđĺđĄđŽđĺđĺđĺđĄđźđĺđĄđźđĺđĄđŽđĺđĄđĺđĄđĺđĄđŽđĺđĺđĺđĄđźđĺđĄđźđĺđĄđŽđĺđĄđĺđĄđĺđĄđŽđĺđĺđĺđĄđźđĺđĄđźđĺđĄđŽđĺđĄđĺđĄđĺđĄđŽđĺđĺđĺđĄđźđĺđĄđźđĺđĄđŽđĺđĄđĺđĄđĺđĄđŽđĺđĺđĺđĄđźđĺđĄđźđĺđĄđŽđĺđĄđĺđĄđĺđĄđŽđĺđĺđĺđĄđźđĺđĄđźđĺđĄđŽđĺđĄđĺđĄđĺđĄđŽđĺđĺđĺđĄđźđĺđĄđźđĺđĄđŽđĺđĄđĺđĄđĺđĄđŽđĺđĺđĺđĄđźđĺđĄđźđĺđĄđŽđĺđĄđĺđĄđĺđĄđŽđĺđĺđĺđĄđźđĺđĄđźđĺđĄđŽđĺđĄđĺđĄđĺđĄđŽđĺđĺđĺđĄđźđĺđĄđźđĺđĄđŽđĺđĄđĺđĄđĺđĄđŽđĺđĺđĺđĄđźđĺđĄđźđĺđĄđŽđĺđĄđĺđĄđĺđĄđŽđĺđĺđĺđĄđźđĺđĄđźđĺđĄđŽđĺđĄđĺđĄđĺđĄđŽđĺđĺđĺđĄđźđĺđĄđźđĺđĄđŽđĺđĄđĺđĄđĺđĄđŽđĺđĺđĺđĄđźđĺđĄđźđĺđĄđŽđĺđĄđĺđĄđĺđĄđŽđĺđĺđĺđĄđźđĺđĄđźđĺđĄđŽđĺđĄđĺđĄđĺđĄđŽđĺđĺđĺđĄđźđĺđĄđźđĺđĄđŽđĺđĄđĺđĄđĺđĄđŽđĺđĺđĺđĄđźđĺđĄđźđĺđĄđŽđĺđĄđĺđĄđĺđĄđŽđĺđĺđĺđĄđźđĺđĄđźđĺđĄđŽđĺđĄđĺđĄđĺđĄđŽđĺđĺđĺđĄđźđĺđĄđźđĺđĄđŽđĺđĄđĺđĄđĺđĄđŽđĺđĺđĺđĄđźđĺđĄđźđĺđĄđŽđĺđĄđĺđĄđĺđĄđŽđĺđĺđĺđĄđźđĺđĄđźđĺđĄđŽđĺđĄđĺđĄđĺđĄđŽđĺđĺđĺđĄđźđĺđĄđźđĺđĄđŽđĺđĄđĺđĄđĺđĄđŽđĺđĺđĺđĄđźđĺđĄđźđĺđĄđŽđĺđĄđĺđĄđĺđĄđŽđĺđĺđĺđĄđźđĺđĄđźđĺđĄđŽđĺđĄđĺđĄđĺđĄđŽđĺđĺđĺđĄđźđĺđĄđźđĺđĄđŽđĺđĄđĺđĄđĺđĄđŽđĺđĺđĺđĄđźđĺđĄđźđĺđĄđŽđĺđĄđĺđĄđĺđĄđŽđĺđĺđĺđĄđźđĺđĄđźđĺđĄđŽđĺđĄđĺđĄđĺđĄđŽđĺđĺđĺđĄđźđĺđĄđźđĺđĄđŽđĺđĄđĺđĄđĺđĄđŽđĺđĺđĺđĄđźđĺđĄđźđĺđĄđŽđĺđĄđĺđĄđĺđĄđŽđĺđĺđĺđĄđźđĺđĄđźđĺđĄđŽđĺđĄđĺđĄđĺđĄđŽđĺđĺđĺđĄđźđĺđĄđźđĺđĄđŽđĺđĄđĺđĄđĺđĄđŽđĺđĺđĺđĄđźđĺđĄđźđĺđĄđŽđĺđĄđĺđĄđĺđĄđŽđĺđĺđĺđĄđźđĺđĄđźđĺđĄđŽđĺđĄđĺđĄđĺđĄđŽđĺđĺđĺđĄđźđĺđĄđźđĺđĄđŽđĺđĄđĺđĄđĺđĄđŽđĺđĺđĺđĄđźđĺđĄđźđĺđĄđŽđĺđĄđĺđĄđĺđĄđŽđĺđĺđĺđĄđźđĺđĄđźđĺđĄđŽđĺđĄđĺđĄđĺđĄđŽđĺđĺđĺđĄđźđĺđĄđźđĺđĄđŽđĺđĄđĺđĄđĺđĄđŽđĺđĺđĺđĄđźđĺđĄđźđĺđĄđŽđĺđĄđĺđĄđĺđĄđŽđĺđĺđĺđĄđźđĺđĄđźđĺđĄđŽđĺđĄđĺđĄđĺđĄđŽđĺđĺđĺđĄđźđĺđĄđźđĺđĄđŽđĺđĄđĺđĄđĺđĄđŽđĺđĺđĺđĄđźđĺđĄđźđĺđĄđŽđĺđĄđĺđĄđĺđĄđŽđĺđĺđĺđĄđźđĺđĄđźđĺđĄđŽđĺđĄđĺđĄđĺđĄđŽđĺđĺđĺđĄđźđĺđĄđźđĺđĄđŽđĺđĄđĺđĄđĺđĄđŽđĺđĺđĺđĄđźđĺđĄđźđĺđĄđŽđĺđĄđĺđĄđĺđĄđŽđĺđĺđĺđĄđźđĺđĄđźđĺđĄđŽđĺđĄđĺđĄđĺđĄđŽđĺđĺđĺđĄđźđĺđĄđźđĺđĄđŽđĺđĄđĺđĄđĺđĄđŽđĺđĺđĺđĄđźđĺđĄđźđĺđĄđŽđĺđĄđĺđĄđĺđĄđŽđĺđĺđĺđĄđźđĺđĄđźđĺđĄđŽđĺđĄđĺđĄđĺđĄđŽđĺđĺđĺđĄđźđĺđĄđźđĺđĄđŽđĺđĄđĺđĄđĺđĄđŽđĺđĺđĺđĄđźđĺđĄđźđĺđĄđŽđĺđĄđĺđĄđĺđĄđŽđĺđĺđĺđĄđźđĺđĄđźđĺđĄđŽđĺđĄđĺđĄđĺđĄđŽđĺđĺđĺđĄđźđĺđĄđźđĺđĄđŽđĺđĄđĺđĄđĺđĄđŽđĺđĺđĺđĄđźđĺđĄđźđĺđĄđŽđĺđĄđĺđĄđĺđĄđŽđĺđĺđĺđĄđźđĺđĄđźđĺđĄđŽđĺđĄđĺđĄđĺđĄđŽđĺđĺđĺđĄđźđĺđĄđźđĺđĄđŽđĺđĄđĺđĄđĺđĄđŽđĺđĺđĺđĄđźđĺđĄđźđĺđĄđŽđĺđĄđĺđĄđĺđĄđŽđĺđĺđĺđĄđźđĺđĄđźđĺđĄđŽđĺđĄđĺđĄđĺđĄđŽđĺđĺđĺđĄđźđĺđĄđźđĺđĄđŽđĺđĄđĺđĄđĺđĄđŽđĺđĺđĺđĄđźđĺđĄđźđĺđĄđŽđĺđĄđĺđĄđĺđĄđŽđĺđĺđĺđĄđźđĺđĄđźđĺđĄđŽđĺđĄđĺđĄđĺđĄđŽđĺđĺđĺđĄđźđĺđĄđźđĺđĄđŽđĺđĄđĺđĄđĺđĄđŽđĺđĺđĺđĄđźđĺđĄđźđĺđĄđŽđĺđĄđĺđĄđĺđĄđŽđĺđĺđĺđĄđźđĺđĄđźđĺđĄđŽđĺđĄđĺđĄđĺđĄđŽđĺđĺđĺđĄđźđĺđĄđźđĺđĄđŽđĺđĄđĺđĄđĺđĄđŽđĺđĺđĺđĄđźđĺđĄđźđĺđĄđŽđĺđĄđĺđĄđĺđĄđŽđĺđĺđĺđĄđźđĺđĄđźđĺđĄđŽđĺđĄđĺđĄđĺđĄđŽđĺđĺđĺđĄđźđĺđĄđźđĺđĄđŽđĺđĄđĺđĄđĺđĄđŽđĺđĺđĺđĄđźđĺđĄđźđĺđĄđŽđĺđĄđĺđĄđĺđĄđŽđĺđĺđĺđĄđźđĺđĄđźđĺđĄđŽđĺđĄđĺđĄđĺđĄđŽđĺđĺđĺđĄđźđĺđĄđźđĺđĄđŽđĺđĄđĺđĄđĺđĄđŽđĺđĺđĺđĄđźđĺđĄđźđĺđĄđŽđĺđĄđĺđĄđĺđĄđŽđĺđĺđĺđĄđźđĺđĄđźđĺđĄđŽđĺđĄđĺđĄđĺđĄđŽđĺđĺđĺđĄđźđĺđĄđźđĺđĄđŽđĺđĄđĺđĄđĺđĄđŽđĺđĺđĺđĄđźđĺđĄđźđĺđĄđŽđĺđĄđĺđĄđĺđĄđŽđĺđĺđĺđĄđźđĺđĄđźđĺđĄđŽđĺđĄđĺđĄđĺđĄđŽđĺđĺđĺđĄđźđĺđĄđźđĺđĄđŽđĺđĄđĺđĄđĺđĄđŽđĺđĺđĺđĄđźđĺđĄđźđĺđĄđŽđĺđĄđĺđĄđĺđĄđŽđĺđĺđĺđĄđźđĺđĄđźđĺđĄđŽđĺđĄđĺđĄđĺđĄđŽđĺđĺđĺđĄđźđĺđĄđźđĺđĄđŽđĺđĄđĺđĄđĺđĄđŽđĺđĺđĺđĄđźđĺđĄđźđĺđĄđŽđĺđĄđĺđĄđĺđĄđŽđĺđĺđĺđĄđźđĺđĄđźđĺđĄđŽđĺđĄđĺđĄđĺđĄđŽđĺđĺđĺđĄđźđĺđĄđźđĺđĄđŽđĺđĄđĺđĄđĺđĄđŽđĺđĺđĺđĄđźđĺđĄđźđĺđĄđŽđĺđĄđĺđĄđĺđĄđŽđĺđĺđĺđĄđźđĺđĄđźđĺđĄđŽđĺđĄđĺđĄđĺđĄđŽđĺđĺđĺđĄđźđĺđĄđźđĺđĄđŽđĺđĄđĺđĄđĺđĄđŽđĺđĺđĺđĄđźđĺđĄđźđĺđĄđŽđĺđĄđĺđĄđĺđĄđŽđĺđĺđĺđĄđźđĺđĄđźđĺđĄđŽđĺđĄđĺđĄđĺđĄđŽđĺđĺđĺđĄđźđĺđĄđźđĺđĄđŽđĺđĄđĺđĄđĺđĄđŽđĺđĺđĺđĄđźđĺđĄđźđĺđĄđŽđĺđĄđĺđĄđĺđĄđŽđĺđĺđĺđĄđźđĺđĄđźđĺđĄđŽđĺđĄđĺđĄđĺđĄđŽđĺđĺđĺđĄđźđĺđĄđźđĺđĄđŽđĺđĄđĺđĄđĺđĄđŽđĺđĺđĺđĄđźđĺđĄđźđĺđĄđŽđĺđĄđĺđĄđĺđĄđŽđĺđĺđĺđĄđźđĺđĄđźđĺđĄđŽđĺđĄđĺđĄđĺđĄđŽđĺđĺđĺđĄđźđĺđĄđźđĺđĄđŽđĺđĄđĺđĄđĺđĄđŽđĺđĺđĺđĄđźđĺđĄđźđĺđĄđŽđĺđĄđĺđĄđĺđĄđŽđĺđĺđĺđĄđźđĺđĄđźđĺđĄđŽđĺđĄđĺđĄđĺđĄđŽđĺđĺđĺđĄđźđĺđĄđźđĺđĄđŽđĺđĄđĺđĄđĺđĄđŽđĺđĺđĺđĄđźđĺđĄđźđĺđĄđŽđĺđĄđĺđĄđĺđĄđŽđĺđĺđĺđĄđźđĺđĄđźđĺđĄđŽđĺđĄđĺđĄđĺđĄđŽđĺđĺđĺđĄđźđĺđĄđźđĺđĄđŽđĺđĄđĺđĄđĺđĄđŽđĺđĺđĺđĄđźđĺđĄđźđĺđĄđŽđĺđĄđĺđĄđĺđĄđŽđĺđĺđĺđĄđźđĺđĄđźđĺđĄđŽđĺđĄđĺđĄđĺđĄđŽđĺđĺđĺđĄđźđĺđĄđźđĺđĄđŽđĺđĄđĺđĄđĺđĄđŽđĺđĺđĺđĄđźđĺđĄđźđĺđĄđŽđĺđĄđĺđĄđĺđĄđŽđĺđĺđĺđĄđźđĺđĄđźđĺđĄđŽđĺđĄđĺđĄđĺđĄđŽđĺđĺđĺđĄđźđĺđĄđźđĺđĄđŽđĺđĄđĺđĄđĺđĄđŽđĺđĺđĺđĄđźđĺđĄđźđĺđĄđŽđĺđĄđĺđĄđĺđĄđŽđĺđĺđĺđĄđźđĺđĄđźđĺđĄđŽđĺđĄđĺđĄđĺđĄđŽđĺđĺđĺđĄđźđĺđĄđźđĺđĄđŽđĺđĄđĺđĄđĺđĄđŽđĺđĺđĺđĄđźđĺđĄđźđĺđĄđŽđĺđĄđĺđĄđĺđĄđŽđĺđĺđĺđĄđźđĺđĄđźđĺđĄđŽđĺđĄđĺđĄđĺđĄđŽđĺđĺđĺđĄđźđĺđĄđźđĺđĄđŽđĺđĄđĺđĄđĺđĄđŽđĺđĺđĺđĄđźđĺđĄđźđĺđĄđŽđĺđĄđĺđĄđĺđĄđŽđĺđĺđĺđĄđźđĺđĄđźđĺđĄđŽđĺđĄđĺđĄđĺđĄđŽđĺđĺđĺđĄđźđĺđĄđźđĺđĄđŽđĺđĄđĺđĄđĺđĄđŽđĺđĺđĺđĄđźđĺđĄđźđĺđĄđŽđĺđĄđĺđĄđĺđĄđŽđĺđĺđĺđĄđźđĺđĄđźđĺđĄđŽđĺđĄđĺđĄđĺđĄđŽđĺđĺđĺđĄđźđĺđĄđźđĺđĄđŽđĺđĄđĺđĄđĺđĄđŽđĺđĺđĺđĄđźđĺđĄđźđĺđĄđŽđĺđĄđĺđĄđĺđĄđŽđĺđĺđĺđĄđźđĺđĄđźđĺđĄđŽđĺđĄđĺđĄđĺđĄđŽđĺđĺđĺđĄđźđĺđĄđźđĺđĄđŽđĺđĄđĺđĄđĺđĄđŽđĺđĺđĺđĄđźđĺđĄđźđĺđĄđŽđĺđĄđĺđĄđĺđĄđŽđĺđĺđĺđĄđźđĺđĄđźđĺđĄđŽđĺđĄđĺđĄđĺđĄđŽđĺđĺđĺđĄđźđĺđĄđźđĺđĄđŽđĺđĄđĺđĄđĺđĄđŽđĺđĺđĺđĄđźđĺđĄđźđĺđĄđŽđĺđĄđĺđĄđĺđĄđŽđĺđĺđĺđĄđźđĺđĄđźđĺđĄđŽđĺđĄđĺđĄđĺđĄđŽđĺđĺđĺđĄđźđĺđĄđźđĺđĄđŽđĺđĄđĺđĄđĺđĄđŽđĺđĺđĺđĄđźđĺđĄđźđĺđĄđŽđĺđĄđĺđĄđĺđĄđŽđĺđĺđĺđĄđźđĺđĄđźđĺđĄđŽđĺđĄđĺđĄđĺđĄđŽđĺđĺđĺđĄđźđĺđĄđźđĺđĄđŽđĺđĄđĺđĄđĺđĄđŽđĺđĺđĺđĄđźđĺđĄđźđĺđĄđŽđĺđĄđĺđĄđĺđĄđŽđĺđĺđĺđĄđźđĺđĄđźđĺđĄđŽđĺđĄđĺđĄđĺđĄđŽđĺđĺđĺđĄđźđĺđĄđźđĺđĄđŽđĺđĄđĺđĄđĺđĄđŽđĺđ╝\n\n## đŚđ░đ│đżđ╗đżđ▓đżđ║ 3	\N	published	8	\N
13	đôđŞđ┐đÁĐÇđ╗đŞđŻđ║đŞ	# đŚđ░đ│đżđ╗đżđ▓đżđ║ 1 ĐâĐÇđżđ▓đŻĐĆ\nđŁđ░ĐüđÁđ║đżđ╝ĐőđÁ\nđčđÁđ╗Đîđ╝đÁđŻđŞ	\N	published	16	\N
7	đóđÁĐüĐéđżđ▓đ░ĐĆ	#đŚđ┤ĐÇđ░đ▓ĐüĐéđ▓Đâđ╣ĐéđÁ\nđóĐâĐé ĐĆ ĐéđÁĐüĐéđŞĐÇĐâĐÄ ĐÇđ░đ▒đżĐéĐâ đĚđ░đ│đżđ╗đżđ▓đ║đżđ▓\n##đşĐéđż đĚđ░đ│đżđ╗đżđ▓đżđ║ 2 ĐâĐÇđżđ▓đŻĐĆ\n-đíđ┐đŞĐüđżđ║ đ░đ▓đ┐đ▓đ┐Đőđ▓\n'''print(Hello world)'''	\N	published	2	\N
8	đóđÁĐüĐéđŞĐÇĐâđÁđ╝ ĐüđŻđżđ▓đ░	# đĺđżĐé đ╝Đő đ┐đŞĐłđÁđ╝ ĐüĐéđ░ĐéĐîĐÄ\n## đŚđ░đ│đżđ╗đżđ▓đżđ║ 2	\N	published	4	\N
11	đĺ đ║đżĐéđżĐÇĐőđ╣ ĐÇđ░đĚ đ╝Đő đĚđ┤đÁĐüĐî	đĺđżĐé đżđ▒ĐőĐçđŻĐőđ╣ ĐéđÁđ║ĐüĐé\n# đŚđ░đ│đżđ╗đżđ▓đżđ║ 1\n## đŚđ░đ│đżđ╗đżđ▓đżđ║ 2\n- Đüđ┐đŞĐüđżđ║\n- Đüđ┐đŞĐüđżđ║	\N	published	4	\N
10	đčĐâĐÇĐâĐÇĐâđ╝	# ĐéđÁĐüĐéđŞđ╝\n## đŚđ░đ│đżđ╗đżđ▓đżđ║ 2 ĐâĐÇđżđ▓đŻĐĆ\n- Đüđ┐đŞĐüđżđ║\n- đ┐ĐÇđżđ┤đżđ╗đÂđ░đÁđ╝ đ┐đŞĐüđ░ĐéĐî\n- ĐéĐÇđÁĐéđŞđ╣ đ┐ĐâđŻđ║Đé \n'''đ║đżđ┤'''	\N	published	4	\N
2	đŁđ░ĐüđÁđ║đżđ╝Đő	đľĐâđÂđ░Đé đŞ đ║ĐâĐüđ░ĐÄĐéĐüĐĆ, đ░ đŞđŻđżđ│đ┤đ░ đżĐçđÁđŻĐî đ┤đ░đÂđÁ đ┐ĐÇđŞđ║đżđ╗ĐîđŻĐőđÁ	2026-02-26 00:00:00	published	6	1
6	đčđÁđ╗Đîđ╝đÁđŻđŞ	đĽđ┤đ░ đ▒đżđ│đżđ▓ đŞ đ╗ĐâĐçĐłđÁđÁ đ▒đ╗ĐÄđ┤đż\n  đśĐüĐéđżĐÇđŞĐĆ\nđĹĐőđ╗đŞ đ▓ĐüđÁđ│đ┤đ░ đÁĐüĐéĐî đŞ đ▒Đâđ┤ĐâĐé\n  đčđÁđ╗Đîđ╝đÁđŻđŞ đ┐ĐÇđ░đ▓đ┤đ░ đŞ đ▓Đőđ╝ĐőĐüđÁđ╗	\N	published	13	\N
\.


--
-- Data for Name: article_history; Type: TABLE DATA; Schema: public; Owner: postgres
--

COPY public.article_history (id, title, content, updated_at, status, views, id_article, id_user) FROM stdin;
1	đčđÁđ╗Đîđ╝đÁđŻđŞ	đĽđ┤đ░ đ▒đżđ│đżđ▓ đŞ đ╗ĐâĐçĐłđÁđÁ đ▒đ╗ĐÄđ┤đż\n  đśĐüĐéđżĐÇđŞĐĆ\nđĹĐőđ╗đŞ đ▓ĐüđÁđ│đ┤đ░ đÁĐüĐéĐî đŞ đ▒Đâđ┤ĐâĐé\n  đčđÁđ╗Đîđ╝đÁđŻđŞ đ┐ĐÇđ░đ▓đ┤đ░ đŞ đ▓Đőđ╝ĐőĐüđÁđ╗	2026-03-13 12:28:18.34758	published	1	6	1
2	đčđÁđ╗Đîđ╝đÁđŻĐî	đĽđ┤đ░ đ▒đżđ│đżđ▓ đŞ đ╗ĐâĐçĐłđÁđÁ đ▒đ╗ĐÄđ┤đż\n  đśĐüĐéđżĐÇđŞĐĆ\nđĹĐőđ╗đŞ đ▓ĐüđÁđ│đ┤đ░ đÁĐüĐéĐî đŞ đ▒Đâđ┤ĐâĐé\n  đčđÁđ╗Đîđ╝đÁđŻđŞ đ┐ĐÇđ░đ▓đ┤đ░ đŞ đ▓Đőđ╝ĐőĐüđÁđ╗	2026-03-13 12:29:52.049813	published	1	6	\N
3	đčđÁđ╗Đîđ╝đÁđŻĐî	đĽđ┤đ░ đ▒đżđ│đżđ▓ đŞ đ╗ĐâĐçĐłđÁđÁ đ▒đ╗ĐÄđ┤đż\n  đśĐüĐéđżĐÇđŞĐĆ\nđĹĐőđ╗đŞ đ▓ĐüđÁđ│đ┤đ░ đÁĐüĐéĐî đŞ đ▒Đâđ┤ĐâĐé\n  đčđÁđ╗Đîđ╝đÁđŻđŞ đ┐ĐÇđ░đ▓đ┤đ░ đŞ đ▓Đőđ╝ĐőĐüđÁđ╗	2026-03-13 12:29:52.080294	published	2	6	\N
4	đčđÁđ╗Đîđ╝đÁđŻĐî	đĽđ┤đ░ đ▒đżđ│đżđ▓ đŞ đ╗ĐâĐçĐłđÁđÁ đ▒đ╗ĐÄđ┤đż\n  đśĐüĐéđżĐÇđŞĐĆ\nđĹĐőđ╗đŞ đ▓ĐüđÁđ│đ┤đ░ đÁĐüĐéĐî đŞ đ▒Đâđ┤ĐâĐé\n  đčđÁđ╗Đîđ╝đÁđŻđŞ đ┐ĐÇđ░đ▓đ┤đ░ đŞ đ▓Đőđ╝ĐőĐüđÁđ╗	2026-03-13 12:31:26.992319	published	3	6	\N
5	đčđÁđ╗Đîđ╝đÁđŻĐî	đĽđ┤đ░ đ▒đżđ│đżđ▓ đŞ đ╗ĐâĐçĐłđÁđÁ đ▒đ╗ĐÄđ┤đż\n  đśĐüĐéđżĐÇđŞĐĆ\nđĹĐőđ╗đŞ đ▓ĐüđÁđ│đ┤đ░ đÁĐüĐéĐî đŞ đ▒Đâđ┤ĐâĐé\n  đčđÁđ╗Đîđ╝đÁđŻđŞ đ┐ĐÇđ░đ▓đ┤đ░ đŞ đ▓Đőđ╝ĐőĐüđÁđ╗	2026-03-13 12:31:27.00032	published	4	6	\N
6	đôđŞđ┐đÁĐÇđ╗đŞđŻđ║đŞ	# đŚđ░đ│đżđ╗đżđ▓đżđ║ 1 ĐâĐÇđżđ▓đŻĐĆ\nđŁđ░ĐüđÁđ║đżđ╝ĐőđÁ\nđčđÁđ╗Đîđ╝đÁđŻđŞ	2026-03-13 12:31:33.568446	published	4	13	\N
7	đôđŞđ┐đÁĐÇđ╗đŞđŻđ║đŞ	# đŚđ░đ│đżđ╗đżđ▓đżđ║ 1 ĐâĐÇđżđ▓đŻĐĆ\nđŁđ░ĐüđÁđ║đżđ╝ĐőđÁ\nđčđÁđ╗Đîđ╝đÁđŻđŞ	2026-03-13 12:31:33.577468	published	5	13	\N
8	đôđŞđ┐đÁĐÇđ╗đŞđŻđ║đŞ	# đŚđ░đ│đżđ╗đżđ▓đżđ║ 1 ĐâĐÇđżđ▓đŻĐĆ\nđŁđ░ĐüđÁđ║đżđ╝ĐőđÁ\nđčđÁđ╗Đîđ╝đÁđŻđŞ	2026-03-13 12:31:43.882496	published	6	13	\N
9	đôđŞđ┐đÁĐÇđ╗đŞđŻđ║đŞ	# đŚđ░đ│đżđ╗đżđ▓đżđ║ 1 ĐâĐÇđżđ▓đŻĐĆ\nđŁđ░ĐüđÁđ║đżđ╝ĐőđÁ\nđčđÁđ╗Đîđ╝đÁđŻđŞ	2026-03-13 12:31:43.908924	published	7	13	\N
10	đôđŞđ┐đÁĐÇđ╗đŞđŻđ║đŞ	# đŚđ░đ│đżđ╗đżđ▓đżđ║ 1 ĐâĐÇđżđ▓đŻĐĆ\nđŁđ░ĐüđÁđ║đżđ╝ĐőđÁ\nđčđÁđ╗Đîđ╝đÁđŻđŞ	2026-03-13 12:31:53.304307	published	8	13	\N
11	đôđŞđ┐đÁĐÇđ╗đŞđŻđ║đŞ	# đŚđ░đ│đżđ╗đżđ▓đżđ║ 1 ĐâĐÇđżđ▓đŻĐĆ\nđŁđ░ĐüđÁđ║đżđ╝ĐőđÁ\nđčđÁđ╗Đîđ╝đÁđŻđŞ	2026-03-13 12:31:53.313264	published	9	13	\N
12	đčđÁđ╗Đîđ╝đÁđŻĐî	đĽđ┤đ░ đ▒đżđ│đżđ▓ đŞ đ╗ĐâĐçĐłđÁđÁ đ▒đ╗ĐÄđ┤đż\n  đśĐüĐéđżĐÇđŞĐĆ\nđĹĐőđ╗đŞ đ▓ĐüđÁđ│đ┤đ░ đÁĐüĐéĐî đŞ đ▒Đâđ┤ĐâĐé\n  đčđÁđ╗Đîđ╝đÁđŻđŞ đ┐ĐÇđ░đ▓đ┤đ░ đŞ đ▓Đőđ╝ĐőĐüđÁđ╗	2026-03-13 12:31:56.60884	published	5	6	\N
13	đčđÁđ╗Đîđ╝đÁđŻĐî	đĽđ┤đ░ đ▒đżđ│đżđ▓ đŞ đ╗ĐâĐçĐłđÁđÁ đ▒đ╗ĐÄđ┤đż\n  đśĐüĐéđżĐÇđŞĐĆ\nđĹĐőđ╗đŞ đ▓ĐüđÁđ│đ┤đ░ đÁĐüĐéĐî đŞ đ▒Đâđ┤ĐâĐé\n  đčđÁđ╗Đîđ╝đÁđŻđŞ đ┐ĐÇđ░đ▓đ┤đ░ đŞ đ▓Đőđ╝ĐőĐüđÁđ╗	2026-03-13 12:31:56.640238	published	6	6	\N
14	đčĐâĐÇĐâĐÇĐâđ╝	# ĐéđÁĐüĐéđŞđ╝\n## đŚđ░đ│đżđ╗đżđ▓đżđ║ 2 ĐâĐÇđżđ▓đŻĐĆ\n- Đüđ┐đŞĐüđżđ║\n- đ┐ĐÇđżđ┤đżđ╗đÂđ░đÁđ╝ đ┐đŞĐüđ░ĐéĐî\n- ĐéĐÇđÁĐéđŞđ╣ đ┐ĐâđŻđ║Đé \n'''đ║đżđ┤'''	2026-03-13 12:32:19.608467	published	2	10	\N
15	đčĐâĐÇĐâĐÇĐâđ╝	# ĐéđÁĐüĐéđŞđ╝\n## đŚđ░đ│đżđ╗đżđ▓đżđ║ 2 ĐâĐÇđżđ▓đŻĐĆ\n- Đüđ┐đŞĐüđżđ║\n- đ┐ĐÇđżđ┤đżđ╗đÂđ░đÁđ╝ đ┐đŞĐüđ░ĐéĐî\n- ĐéĐÇđÁĐéđŞđ╣ đ┐ĐâđŻđ║Đé \n'''đ║đżđ┤'''	2026-03-13 12:32:19.639753	published	3	10	\N
16	đĺ đ║đżĐéđżĐÇĐőđ╣ ĐÇđ░đĚ đ╝Đő đĚđ┤đÁĐüĐî	đĺđżĐé đżđ▒ĐőĐçđŻĐőđ╣ ĐéđÁđ║ĐüĐé\n# đŚđ░đ│đżđ╗đżđ▓đżđ║ 1\n## đŚđ░đ│đżđ╗đżđ▓đżđ║ 2\n- Đüđ┐đŞĐüđżđ║\n- Đüđ┐đŞĐüđżđ║	2026-03-13 12:32:23.352358	published	0	11	\N
17	đĺ đ║đżĐéđżĐÇĐőđ╣ ĐÇđ░đĚ đ╝Đő đĚđ┤đÁĐüĐî	đĺđżĐé đżđ▒ĐőĐçđŻĐőđ╣ ĐéđÁđ║ĐüĐé\n# đŚđ░đ│đżđ╗đżđ▓đżđ║ 1\n## đŚđ░đ│đżđ╗đżđ▓đżđ║ 2\n- Đüđ┐đŞĐüđżđ║\n- Đüđ┐đŞĐüđżđ║	2026-03-13 12:32:23.396984	published	1	11	\N
18	đóđÁĐüĐéđżđ▓đ░ĐĆ	#đŚđ┤ĐÇđ░đ▓ĐüĐéđ▓Đâđ╣ĐéđÁ\nđóĐâĐé ĐĆ ĐéđÁĐüĐéđŞĐÇĐâĐÄ ĐÇđ░đ▒đżĐéĐâ đĚđ░đ│đżđ╗đżđ▓đ║đżđ▓\n##đşĐéđż đĚđ░đ│đżđ╗đżđ▓đżđ║ 2 ĐâĐÇđżđ▓đŻĐĆ\n-đíđ┐đŞĐüđżđ║ đ░đ▓đ┐đ▓đ┐Đőđ▓\n'''print(Hello world)'''	2026-03-13 12:32:25.368303	published	0	7	\N
19	đóđÁĐüĐéđżđ▓đ░ĐĆ	#đŚđ┤ĐÇđ░đ▓ĐüĐéđ▓Đâđ╣ĐéđÁ\nđóĐâĐé ĐĆ ĐéđÁĐüĐéđŞĐÇĐâĐÄ ĐÇđ░đ▒đżĐéĐâ đĚđ░đ│đżđ╗đżđ▓đ║đżđ▓\n##đşĐéđż đĚđ░đ│đżđ╗đżđ▓đżđ║ 2 ĐâĐÇđżđ▓đŻĐĆ\n-đíđ┐đŞĐüđżđ║ đ░đ▓đ┐đ▓đ┐Đőđ▓\n'''print(Hello world)'''	2026-03-13 12:32:25.403001	published	1	7	\N
20	đóđÁĐüĐéđŞĐÇĐâđÁđ╝ ĐüđŻđżđ▓đ░	# đĺđżĐé đ╝Đő đ┐đŞĐłđÁđ╝ ĐüĐéđ░ĐéĐîĐÄ\n## đŚđ░đ│đżđ╗đżđ▓đżđ║ 2	2026-03-13 12:32:26.728479	published	2	8	\N
21	đóđÁĐüĐéđŞĐÇĐâđÁđ╝ ĐüđŻđżđ▓đ░	# đĺđżĐé đ╝Đő đ┐đŞĐłđÁđ╝ ĐüĐéđ░ĐéĐîĐÄ\n## đŚđ░đ│đżđ╗đżđ▓đżđ║ 2	2026-03-13 12:32:26.768361	published	3	8	\N
22	đŁđ░ĐüđÁđ║đżđ╝Đő	đľĐâđÂđ░Đé đŞ đ║ĐâĐüđ░ĐÄĐéĐüĐĆ, đ░ đŞđŻđżđ│đ┤đ░ đżĐçđÁđŻĐî đ┤đ░đÂđÁ đ┐ĐÇđŞđ║đżđ╗ĐîđŻĐőđÁ	2026-03-13 12:32:27.464388	published	2	2	\N
23	đŁđ░ĐüđÁđ║đżđ╝Đő	đľĐâđÂđ░Đé đŞ đ║ĐâĐüđ░ĐÄĐéĐüĐĆ, đ░ đŞđŻđżđ│đ┤đ░ đżĐçđÁđŻĐî đ┤đ░đÂđÁ đ┐ĐÇđŞđ║đżđ╗ĐîđŻĐőđÁ	2026-03-13 12:32:27.493967	published	3	2	\N
24	đŁđ░đĚđ▓đŻĐîĐćđÁ	# đčĐÇđŞđ╝đÁĐÇđŻđż Đéđ░đ║\nđĺđĺđĄđźđĺđĄđźđĺđĄđŽđĺđĄđĺđĄđĺđĄđŽđĺđĺđĺđĄđźđĺđĄđźđĺđĄđŽđĺđĄđĺđĄđĺđĄđŽđĺđĺđĺđĄđźđĺđĄđźđĺđĄđŽđĺđĄđĺđĄđĺđĄđŽđĺđĺđĺđĄđźđĺđĄđźđĺđĄđŽđĺđĄđĺđĄđĺđĄđŽđĺđĺđĺđĄđźđĺđĄđźđĺđĄđŽđĺđĄđĺđĄđĺđĄđŽđĺđĺđĺđĄđźđĺđĄđźđĺđĄđŽđĺđĄđĺđĄđĺđĄđŽđĺđĺđĺđĄđźđĺđĄđźđĺđĄđŽđĺđĄđĺđĄđĺđĄđŽđĺđĺđĺđĄđźđĺđĄđźđĺđĄđŽđĺđĄđĺđĄđĺđĄđŽđĺđĺđĺđĄđźđĺđĄđźđĺđĄđŽđĺđĄđĺđĄđĺđĄđŽđĺđĺđĺđĄđźđĺđĄđźđĺđĄđŽđĺđĄđĺđĄđĺđĄđŽđĺđĺđĺđĄđźđĺđĄđźđĺđĄđŽđĺđĄđĺđĄđĺđĄđŽđĺđĺđĺđĄđźđĺđĄđźđĺđĄđŽđĺđĄđĺđĄđĺđĄđŽđĺđĺđĺđĄđźđĺđĄđźđĺđĄđŽđĺđĄđĺđĄđĺđĄđŽđĺđĺđĺđĄđźđĺđĄđźđĺđĄđŽđĺđĄđĺđĄđĺđĄđŽđĺđĺđĺđĄđźđĺđĄđźđĺđĄđŽđĺđĄđĺđĄđĺđĄđŽđĺđĺđĺđĄđźđĺđĄđźđĺđĄđŽđĺđĄđĺđĄđĺđĄđŽđĺđĺđĺđĄđźđĺđĄđźđĺđĄđŽđĺđĄđĺđĄđĺđĄđŽđĺđĺđĺđĄđźđĺđĄđźđĺđĄđŽđĺđĄđĺđĄđĺđĄđŽđĺđĺđĺđĄđźđĺđĄđźđĺđĄđŽđĺđĄđĺđĄđĺđĄđŽđĺđĺđĺđĄđźđĺđĄđźđĺđĄđŽđĺđĄđĺđĄđĺđĄđŽđĺđĺđĺđĄđźđĺđĄđźđĺđĄđŽđĺđĄđĺđĄđĺđĄđŽđĺđĺđĺđĄđźđĺđĄđźđĺđĄđŽđĺđĄđĺđĄđĺđĄđŽđĺ\n## 2 đŚđ░đ│đżđ╗đżđ▓đżđ║\n\nđĺđĺđĄđźđĺđĄđźđĺđĄđŽđĺđĄđĺđĄđĺđĄđŽđĺđĺđĺđĄđźđĺđĄđźđĺđĄđŽđĺđĄđĺđĄđĺđĄđŽđĺđĺđĺđĄđźđĺđĄđźđĺđĄđŽđĺđĄđĺđĄđĺđĄđŽđĺđĺđĺđĄđźđĺđĄđźđĺđĄđŽđĺđĄđĺđĄđĺđĄđŽđĺđĺđĺđĄđźđĺđĄđźđĺđĄđŽđĺđĄđĺđĄđĺđĄđŽđĺđĺđĺđĄđźđĺđĄđźđĺđĄđŽđĺđĄđĺđĄđĺđĄđŽđĺđĺđĺđĄđźđĺđĄđźđĺđĄđŽđĺđĄđĺđĄđĺđĄđŽđĺđĺđĺđĄđźđĺđĄđźđĺđĄđŽđĺđĄđĺđĄđĺđĄđŽđĺđĺđĺđĄđźđĺđĄđźđĺđĄđŽđĺđĄđĺđĄđĺđĄđŽđĺđĺđĺđĄđźđĺđĄđźđĺđĄđŽđĺđĄđĺđĄđĺđĄđŽđĺđĺđĺđĄđźđĺđĄđźđĺđĄđŽđĺđĄđĺđĄđĺđĄđŽđĺđĺđĺđĄđźđĺđĄđźđĺđĄđŽđĺđĄđĺđĄđĺđĄđŽđĺđĺđĺđĄđźđĺđĄđźđĺđĄđŽđĺđĄđĺđĄđĺđĄđŽđĺđĺđĺđĄđźđĺđĄđźđĺđĄđŽđĺđĄđĺđĄđĺđĄđŽđĺđĺđĺđĄđźđĺđĄđźđĺđĄđŽđĺđĄđĺđĄđĺđĄđŽđĺđĺđĺđĄđźđĺđĄđźđĺđĄđŽđĺđĄđĺđĄđĺđĄđŽđĺđĺđĺđĄđźđĺđĄđźđĺđĄđŽđĺđĄđĺđĄđĺđĄđŽđĺđĺđĺđĄđźđĺđĄđźđĺđĄđŽđĺđĄđĺđĄđĺđĄđŽđĺđĺđĺđĄđźđĺđĄđźđĺđĄđŽđĺđĄđĺđĄđĺđĄđŽđĺđĺđĺđĄđźđĺđĄđźđĺđĄđŽđĺđĄđĺđĄđĺđĄđŽđĺđĺđĺđĄđźđĺđĄđźđĺđĄđŽđĺđĄđĺđĄđĺđĄđŽđĺđĺđĺđĄđźđĺđĄđźđĺđĄđŽđĺđĄđĺđĄđĺđĄđŽđĺđĺđĺđĄđźđĺđĄđźđĺđĄđŽđĺđĄđĺđĄđĺđĄđŽđĺđĺđĺđĄđźđĺđĄđźđĺđĄđŽđĺđĄđĺđĄđĺđĄđŽđĺđĺđĺđĄđźđĺđĄđźđĺđĄđŽđĺđĄđĺđĄđĺđĄđŽđĺđĺđĺđĄđźđĺđĄđźđĺđĄđŽđĺđĄđĺđĄđĺđĄđŽđĺđĺđĺđĄđźđĺđĄđźđĺđĄđŽđĺđĄđĺđĄđĺđĄđŽđĺđĺđĺđĄđźđĺđĄđźđĺđĄđŽđĺđĄđĺđĄđĺđĄđŽđĺđĺđĺđĄđźđĺđĄđźđĺđĄđŽđĺđĄđĺđĄđĺđĄđŽđĺđĺđĺđĄđźđĺđĄđźđĺđĄđŽđĺđĄđĺđĄđĺđĄđŽđĺđĺđĺđĄđźđĺđĄđźđĺđĄđŽđĺđĄđĺđĄđĺđĄđŽđĺđĺđĺđĄđźđĺđĄđźđĺđĄđŽđĺđĄđĺđĄđĺđĄđŽđĺđĺđĺđĄđźđĺđĄđźđĺđĄđŽđĺđĄđĺđĄđĺđĄđŽđĺđĺđĺđĄđźđĺđĄđźđĺđĄđŽđĺđĄđĺđĄđĺđĄđŽđĺđĺđĺđĄđźđĺđĄđźđĺđĄđŽđĺđĄđĺđĄđĺđĄđŽđĺđĺđĺđĄđźđĺđĄđźđĺđĄđŽđĺđĄđĺđĄđĺđĄđŽđĺđĺđĺđĄđźđĺđĄđźđĺđĄđŽđĺđĄđĺđĄđĺđĄđŽđĺđĺđĺđĄđźđĺđĄđźđĺđĄđŽđĺđĄđĺđĄđĺđĄđŽđĺđĺđĺđĄđźđĺđĄđźđĺđĄđŽđĺđĄđĺđĄđĺđĄđŽđĺđĺđĺđĄđźđĺđĄđźđĺđĄđŽđĺđĄđĺđĄđĺđĄđŽđĺđĺđĺđĄđźđĺđĄđźđĺđĄđŽđĺđĄđĺđĄđĺđĄđŽđĺđĺđĺđĄđźđĺđĄđźđĺđĄđŽđĺđĄđĺđĄđĺđĄđŽđĺđĺđĺđĄđźđĺđĄđźđĺđĄđŽđĺđĄđĺđĄđĺđĄđŽđĺđĺđĺđĄđźđĺđĄđźđĺđĄđŽđĺđĄđĺđĄđĺđĄđŽđĺđĺđĺđĄđźđĺđĄđźđĺđĄđŽđĺđĄđĺđĄđĺđĄđŽđĺđĺđĺđĄđźđĺđĄđźđĺđĄđŽđĺđĄđĺđĄđĺđĄđŽđĺđĺđĺđĄđźđĺđĄđźđĺđĄđŽđĺđĄđĺđĄđĺđĄđŽđĺđĺđĺđĄđźđĺđĄđźđĺđĄđŽđĺđĄđĺđĄđĺđĄđŽđĺđĺđĺđĄđźđĺđĄđźđĺđĄđŽđĺđĄđĺđĄđĺđĄđŽđĺđĺđĺđĄđźđĺđĄđźđĺđĄđŽđĺđĄđĺđĄđĺđĄđŽđĺđĺđĺđĄđźđĺđĄđźđĺđĄđŽđĺđĄđĺđĄđĺđĄđŽđĺđĺđĺđĄđźđĺđĄđźđĺđĄđŽđĺđĄđĺđĄđĺđĄđŽđĺđĺđĺđĄđźđĺđĄđźđĺđĄđŽđĺđĄđĺđĄđĺđĄđŽđĺđĺđĺđĄđźđĺđĄđźđĺđĄđŽđĺđĄđĺđĄđĺđĄđŽđĺđĺđĺđĄđźđĺđĄđźđĺđĄđŽđĺđĄđĺđĄđĺđĄđŽđĺđĺđĺđĄđźđĺđĄđźđĺđĄđŽđĺđĄđĺđĄđĺđĄđŽđĺđĺđĺđĄđźđĺđĄđźđĺđĄđŽđĺđĄđĺđĄđĺđĄđŽđĺđĺđĺđĄđźđĺđĄđźđĺđĄđŽđĺđĄđĺđĄđĺđĄđŽđĺđĺđĺđĄđźđĺđĄđźđĺđĄđŽđĺđĄđĺđĄđĺđĄđŽđĺđĺđĺđĄđźđĺđĄđźđĺđĄđŽđĺđĄđĺđĄđĺđĄđŽđĺđĺđĺđĄđźđĺđĄđźđĺđĄđŽđĺđĄđĺđĄđĺđĄđŽđĺđĺđĺđĄđźđĺđĄđźđĺđĄđŽđĺđĄđĺđĄđĺđĄđŽđĺđĺđĺđĄđźđĺđĄđźđĺđĄđŽđĺđĄđĺđĄđĺđĄđŽđĺđĺđĺđĄđźđĺđĄđźđĺđĄđŽđĺđĄđĺđĄđĺđĄđŽđĺđĺđĺđĄđźđĺđĄđźđĺđĄđŽđĺđĄđĺđĄđĺđĄđŽđĺđĺđĺđĄđźđĺđĄđźđĺđĄđŽđĺđĄđĺđĄđĺđĄđŽđĺđĺđĺđĄđźđĺđĄđźđĺđĄđŽđĺđĄđĺđĄđĺđĄđŽđĺđĺđĺđĄđźđĺđĄđźđĺđĄđŽđĺđĄđĺđĄđĺđĄđŽđĺđĺđĺđĄđźđĺđĄđźđĺđĄđŽđĺđĄđĺđĄđĺđĄđŽđĺđĺđĺđĄđźđĺđĄđźđĺđĄđŽđĺđĄđĺđĄđĺđĄđŽđĺđĺđĺđĄđźđĺđĄđźđĺđĄđŽđĺđĄđĺđĄđĺđĄđŽđĺđĺđĺđĄđźđĺđĄđźđĺđĄđŽđĺđĄđĺđĄđĺđĄđŽđĺđĺđĺđĄđźđĺđĄđźđĺđĄđŽđĺđĄđĺđĄđĺđĄđŽđĺđĺđĺđĄđźđĺđĄđźđĺđĄđŽđĺđĄđĺđĄđĺđĄđŽđĺđĺđĺđĄđźđĺđĄđźđĺđĄđŽđĺđĄđĺđĄđĺđĄđŽđĺđĺđĺđĄđźđĺđĄđźđĺđĄđŽđĺđĄđĺđĄđĺđĄđŽđĺđĺđĺđĄđźđĺđĄđźđĺđĄđŽđĺđĄđĺđĄđĺđĄđŽđĺđĺđĺđĄđźđĺđĄđźđĺđĄđŽđĺđĄđĺđĄđĺđĄđŽđĺđĺđĺđĄđźđĺđĄđźđĺđĄđŽđĺđĄđĺđĄđĺđĄđŽđĺđĺđĺđĄđźđĺđĄđźđĺđĄđŽđĺđĄđĺđĄđĺđĄđŽđĺđĺđĺđĄđźđĺđĄđźđĺđĄđŽđĺđĄđĺđĄđĺđĄđŽđĺđĺđĺđĄđźđĺđĄđźđĺđĄđŽđĺđĄđĺđĄđĺđĄđŽđĺđĺđĺđĄđźđĺđĄđźđĺđĄđŽđĺđĄđĺđĄđĺđĄđŽđĺđĺđĺđĄđźđĺđĄđźđĺđĄđŽđĺđĄđĺđĄđĺđĄđŽđĺđĺđĺđĄđźđĺđĄđźđĺđĄđŽđĺđĄđĺđĄđĺđĄđŽđĺđĺđĺđĄđźđĺđĄđźđĺđĄđŽđĺđĄđĺđĄđĺđĄđŽđĺđĺđĺđĄđźđĺđĄđźđĺđĄđŽđĺđĄđĺđĄđĺđĄđŽđĺđĺđĺđĄđźđĺđĄđźđĺđĄđŽđĺđĄđĺđĄđĺđĄđŽđĺđĺđĺđĄđźđĺđĄđźđĺđĄđŽđĺđĄđĺđĄđĺđĄđŽđĺđĺđĺđĄđźđĺđĄđźđĺđĄđŽđĺđĄđĺđĄđĺđĄđŽđĺđĺđĺđĄđźđĺđĄđźđĺđĄđŽđĺđĄđĺđĄđĺđĄđŽđĺđĺđĺđĄđźđĺđĄđźđĺđĄđŽđĺđĄđĺđĄđĺđĄđŽđĺđĺđĺđĄđźđĺđĄđźđĺđĄđŽđĺđĄđĺđĄđĺđĄđŽđĺđĺđĺđĄđźđĺđĄđźđĺđĄđŽđĺđĄđĺđĄđĺđĄđŽđĺđĺđĺđĄđźđĺđĄđźđĺđĄđŽđĺđĄđĺđĄđĺđĄđŽđĺđĺđĺđĄđźđĺđĄđźđĺđĄđŽđĺđĄđĺđĄđĺđĄđŽđĺđĺđĺđĄđźđĺđĄđźđĺđĄđŽđĺđĄđĺđĄđĺđĄđŽđĺđĺđĺđĄđźđĺđĄđźđĺđĄđŽđĺđĄđĺđĄđĺđĄđŽđĺđĺđĺđĄđźđĺđĄđźđĺđĄđŽđĺđĄđĺđĄđĺđĄđŽđĺđĺđĺđĄđźđĺđĄđźđĺđĄđŽđĺđĄđĺđĄđĺđĄđŽđĺđĺđĺđĄđźđĺđĄđźđĺđĄđŽđĺđĄđĺđĄđĺđĄđŽđĺđĺđĺđĄđźđĺđĄđźđĺđĄđŽđĺđĄđĺđĄđĺđĄđŽđĺđĺđĺđĄđźđĺđĄđźđĺđĄđŽđĺđĄđĺđĄđĺđĄđŽđĺđĺđĺđĄđźđĺđĄđźđĺđĄđŽđĺđĄđĺđĄđĺđĄđŽđĺđĺđĺđĄđźđĺđĄđźđĺđĄđŽđĺđĄđĺđĄđĺđĄđŽđĺđĺđĺđĄđźđĺđĄđźđĺđĄđŽđĺđĄđĺđĄđĺđĄđŽđĺđĺđĺđĄđźđĺđĄđźđĺđĄđŽđĺđĄđĺđĄđĺđĄđŽđĺđĺđĺđĄđźđĺđĄđźđĺđĄđŽđĺđĄđĺđĄđĺđĄđŽđĺđĺđĺđĄđźđĺđĄđźđĺđĄđŽđĺđĄđĺđĄđĺđĄđŽđĺđĺđĺđĄđźđĺđĄđźđĺđĄđŽđĺđĄđĺđĄđĺđĄđŽđĺđĺđĺđĄđźđĺđĄđźđĺđĄđŽđĺđĄđĺđĄđĺđĄđŽđĺđĺđĺđĄđźđĺđĄđźđĺđĄđŽđĺđĄđĺđĄđĺđĄđŽđĺđĺđĺđĄđźđĺđĄđźđĺđĄđŽđĺđĄđĺđĄđĺđĄđŽđĺđĺđĺđĄđźđĺđĄđźđĺđĄđŽđĺđĄđĺđĄđĺđĄđŽđĺđĺđĺđĄđźđĺđĄđźđĺđĄđŽđĺđĄđĺđĄđĺđĄđŽđĺđĺđĺđĄđźđĺđĄđźđĺđĄđŽđĺđĄđĺđĄđĺđĄđŽđĺđĺđĺđĄđźđĺđĄđźđĺđĄđŽđĺđĄđĺđĄđĺđĄđŽđĺđĺđĺđĄđźđĺđĄđźđĺđĄđŽđĺđĄđĺđĄđĺđĄđŽđĺđĺđĺđĄđźđĺđĄđźđĺđĄđŽđĺđĄđĺđĄđĺđĄđŽđĺđĺđĺđĄđźđĺđĄđźđĺđĄđŽđĺđĄđĺđĄđĺđĄđŽđĺđĺđĺđĄđźđĺđĄđźđĺđĄđŽđĺđĄđĺđĄđĺđĄđŽđĺđĺđĺđĄđźđĺđĄđźđĺđĄđŽđĺđĄđĺđĄđĺđĄđŽđĺđĺđĺđĄđźđĺđĄđźđĺđĄđŽđĺđĄđĺđĄđĺđĄđŽđĺđĺđĺđĄđźđĺđĄđźđĺđĄđŽđĺđĄđĺđĄđĺđĄđŽđĺđĺđĺđĄđźđĺđĄđźđĺđĄđŽđĺđĄđĺđĄđĺđĄđŽđĺđĺđĺđĄđźđĺđĄđźđĺđĄđŽđĺđĄđĺđĄđĺđĄđŽđĺđĺđĺđĄđźđĺđĄđźđĺđĄđŽđĺđĄđĺđĄđĺđĄđŽđĺđĺđĺđĄđźđĺđĄđźđĺđĄđŽđĺđĄđĺđĄđĺđĄđŽđĺđĺđĺđĄđźđĺđĄđźđĺđĄđŽđĺđĄđĺđĄđĺđĄđŽđĺđĺđĺđĄđźđĺđĄđźđĺđĄđŽđĺđĄđĺđĄđĺđĄđŽđĺđĺđĺđĄđźđĺđĄđźđĺđĄđŽđĺđĄđĺđĄđĺđĄđŽđĺđĺđĺđĄđźđĺđĄđźđĺđĄđŽđĺđĄđĺđĄđĺđĄđŽđĺđĺđĺđĄđźđĺđĄđźđĺđĄđŽđĺđĄđĺđĄđĺđĄđŽđĺđĺđĺđĄđźđĺđĄđźđĺđĄđŽđĺđĄđĺđĄđĺđĄđŽđĺđĺđĺđĄđźđĺđĄđźđĺđĄđŽđĺđĄđĺđĄđĺđĄđŽđĺđĺđĺđĄđźđĺđĄđźđĺđĄđŽđĺđĄđĺđĄđĺđĄđŽđĺđĺđĺđĄđźđĺđĄđźđĺđĄđŽđĺđĄđĺđĄđĺđĄđŽđĺđĺđĺđĄđźđĺđĄđźđĺđĄđŽđĺđĄđĺđĄđĺđĄđŽđĺđĺđĺđĄđźđĺđĄđźđĺđĄđŽđĺđĄđĺđĄđĺđĄđŽđĺđĺđĺđĄđźđĺđĄđźđĺđĄđŽđĺđĄđĺđĄđĺđĄđŽđĺđĺđĺđĄđźđĺđĄđźđĺđĄđŽđĺđĄđĺđĄđĺđĄđŽđĺđĺđĺđĄđźđĺđĄđźđĺđĄđŽđĺđĄđĺđĄđĺđĄđŽđĺđĺđĺđĄđźđĺđĄđźđĺđĄđŽđĺđĄđĺđĄđĺđĄđŽđĺđĺđĺđĄđźđĺđĄđźđĺđĄđŽđĺđĄđĺđĄđĺđĄđŽđĺđĺđĺđĄđźđĺđĄđźđĺđĄđŽđĺđĄđĺđĄđĺđĄđŽđĺđĺđĺđĄđźđĺđĄđźđĺđĄđŽđĺđĄđĺđĄđĺđĄđŽđĺđĺđĺđĄđźđĺđĄđźđĺđĄđŽđĺđĄđĺđĄđĺđĄđŽđĺđĺđĺđĄđźđĺđĄđźđĺđĄđŽđĺđĄđĺđĄđĺđĄđŽđĺđĺđĺđĄđźđĺđĄđźđĺđĄđŽđĺđĄđĺđĄđĺđĄđŽđĺđĺđĺđĄđźđĺđĄđźđĺđĄđŽđĺđĄđĺđĄđĺđĄđŽđĺđĺđĺđĄđźđĺđĄđźđĺđĄđŽđĺđĄđĺđĄđĺđĄđŽđĺđĺđĺđĄđźđĺđĄđźđĺđĄđŽđĺđĄđĺđĄđĺđĄđŽđĺđĺđĺđĄđźđĺđĄđźđĺđĄđŽđĺđĄđĺđĄđĺđĄđŽđĺđĺđĺđĄđźđĺđĄđźđĺđĄđŽđĺđĄđĺđĄđĺđĄđŽđĺđĺđĺđĄđźđĺđĄđźđĺđĄđŽđĺđĄđĺđĄđĺđĄđŽđĺđĺđĺđĄđźđĺđĄđźđĺđĄđŽđĺđĄđĺđĄđĺđĄđŽđĺđĺđĺđĄđźđĺđĄđźđĺđĄđŽđĺđĄđĺđĄđĺđĄđŽđĺđĺđĺđĄđźđĺđĄđźđĺđĄđŽđĺđĄđĺđĄđĺđĄđŽđĺđĺđĺđĄđźđĺđĄđźđĺđĄđŽđĺđĄđĺđĄđĺđĄđŽđĺđĺđĺđĄđźđĺđĄđźđĺđĄđŽđĺđĄđĺđĄđĺđĄđŽđĺđĺđĺđĄđźđĺđĄđźđĺđĄđŽđĺđĄđĺđĄđĺđĄđŽđĺđĺđĺđĄđźđĺđĄđźđĺđĄđŽđĺđĄđĺđĄđĺđĄđŽđĺđĺđĺđĄđźđĺđĄđźđĺđĄđŽđĺđĄđĺđĄđĺđĄđŽđĺđĺđĺđĄđźđĺđĄđźđĺđĄđŽđĺđĄđĺđĄđĺđĄđŽđĺđĺđĺđĄđźđĺđĄđźđĺđĄđŽđĺđĄđĺđĄđĺđĄđŽđĺđĺđĺđĄđźđĺđĄđźđĺđĄđŽđĺđĄđĺđĄđĺđĄđŽđĺđĺđĺđĄđźđĺđĄđźđĺđĄđŽđĺđĄđĺđĄđĺđĄđŽđĺđĺđĺđĄđźđĺđĄđźđĺđĄđŽđĺđĄđĺđĄđĺđĄđŽđĺđĺđĺđĄđźđĺđĄđźđĺđĄđŽđĺđĄđĺđĄđĺđĄđŽđĺđĺđĺđĄđźđĺđĄđźđĺđĄđŽđĺđĄđĺđĄđĺđĄđŽđĺđĺđĺđĄđźđĺđĄđźđĺđĄđŽđĺđĄđĺđĄđĺđĄđŽđĺđĺđĺđĄđźđĺđĄđźđĺđĄđŽđĺđĄđĺđĄđĺđĄđŽđĺđĺđĺđĄđźđĺđĄđźđĺđĄđŽđĺđĄđĺđĄđĺđĄđŽđĺđĺđĺđĄđźđĺđĄđźđĺđĄđŽđĺđĄđĺđĄđĺđĄđŽđĺđĺđĺđĄđźđĺđĄđźđĺđĄđŽđĺđĄđĺđĄđĺđĄđŽđĺđĺđĺđĄđźđĺđĄđźđĺđĄđŽđĺđĄđĺđĄđĺđĄđŽđĺđ╝\n\n## đŚđ░đ│đżđ╗đżđ▓đżđ║ 3	2026-03-13 12:32:28.240695	published	2	12	\N
25	đŁđ░đĚđ▓đŻĐîĐćđÁ	# đčĐÇđŞđ╝đÁĐÇđŻđż Đéđ░đ║\nđĺđĺđĄđźđĺđĄđźđĺđĄđŽđĺđĄđĺđĄđĺđĄđŽđĺđĺđĺđĄđźđĺđĄđźđĺđĄđŽđĺđĄđĺđĄđĺđĄđŽđĺđĺđĺđĄđźđĺđĄđźđĺđĄđŽđĺđĄđĺđĄđĺđĄđŽđĺđĺđĺđĄđźđĺđĄđźđĺđĄđŽđĺđĄđĺđĄđĺđĄđŽđĺđĺđĺđĄđźđĺđĄđźđĺđĄđŽđĺđĄđĺđĄđĺđĄđŽđĺđĺđĺđĄđźđĺđĄđźđĺđĄđŽđĺđĄđĺđĄđĺđĄđŽđĺđĺđĺđĄđźđĺđĄđźđĺđĄđŽđĺđĄđĺđĄđĺđĄđŽđĺđĺđĺđĄđźđĺđĄđźđĺđĄđŽđĺđĄđĺđĄđĺđĄđŽđĺđĺđĺđĄđźđĺđĄđźđĺđĄđŽđĺđĄđĺđĄđĺđĄđŽđĺđĺđĺđĄđźđĺđĄđźđĺđĄđŽđĺđĄđĺđĄđĺđĄđŽđĺđĺđĺđĄđźđĺđĄđźđĺđĄđŽđĺđĄđĺđĄđĺđĄđŽđĺđĺđĺđĄđźđĺđĄđźđĺđĄđŽđĺđĄđĺđĄđĺđĄđŽđĺđĺđĺđĄđźđĺđĄđźđĺđĄđŽđĺđĄđĺđĄđĺđĄđŽđĺđĺđĺđĄđźđĺđĄđźđĺđĄđŽđĺđĄđĺđĄđĺđĄđŽđĺđĺđĺđĄđźđĺđĄđźđĺđĄđŽđĺđĄđĺđĄđĺđĄđŽđĺđĺđĺđĄđźđĺđĄđźđĺđĄđŽđĺđĄđĺđĄđĺđĄđŽđĺđĺđĺđĄđźđĺđĄđźđĺđĄđŽđĺđĄđĺđĄđĺđĄđŽđĺđĺđĺđĄđźđĺđĄđźđĺđĄđŽđĺđĄđĺđĄđĺđĄđŽđĺđĺđĺđĄđźđĺđĄđźđĺđĄđŽđĺđĄđĺđĄđĺđĄđŽđĺđĺđĺđĄđźđĺđĄđźđĺđĄđŽđĺđĄđĺđĄđĺđĄđŽđĺđĺđĺđĄđźđĺđĄđźđĺđĄđŽđĺđĄđĺđĄđĺđĄđŽđĺđĺđĺđĄđźđĺđĄđźđĺđĄđŽđĺđĄđĺđĄđĺđĄđŽđĺ\n## 2 đŚđ░đ│đżđ╗đżđ▓đżđ║\n\nđĺđĺđĄđźđĺđĄđźđĺđĄđŽđĺđĄđĺđĄđĺđĄđŽđĺđĺđĺđĄđźđĺđĄđźđĺđĄđŽđĺđĄđĺđĄđĺđĄđŽđĺđĺđĺđĄđźđĺđĄđźđĺđĄđŽđĺđĄđĺđĄđĺđĄđŽđĺđĺđĺđĄđźđĺđĄđźđĺđĄđŽđĺđĄđĺđĄđĺđĄđŽđĺđĺđĺđĄđźđĺđĄđźđĺđĄđŽđĺđĄđĺđĄđĺđĄđŽđĺđĺđĺđĄđźđĺđĄđźđĺđĄđŽđĺđĄđĺđĄđĺđĄđŽđĺđĺđĺđĄđźđĺđĄđźđĺđĄđŽđĺđĄđĺđĄđĺđĄđŽđĺđĺđĺđĄđźđĺđĄđźđĺđĄđŽđĺđĄđĺđĄđĺđĄđŽđĺđĺđĺđĄđźđĺđĄđźđĺđĄđŽđĺđĄđĺđĄđĺđĄđŽđĺđĺđĺđĄđźđĺđĄđźđĺđĄđŽđĺđĄđĺđĄđĺđĄđŽđĺđĺđĺđĄđźđĺđĄđźđĺđĄđŽđĺđĄđĺđĄđĺđĄđŽđĺđĺđĺđĄđźđĺđĄđźđĺđĄđŽđĺđĄđĺđĄđĺđĄđŽđĺđĺđĺđĄđźđĺđĄđźđĺđĄđŽđĺđĄđĺđĄđĺđĄđŽđĺđĺđĺđĄđźđĺđĄđźđĺđĄđŽđĺđĄđĺđĄđĺđĄđŽđĺđĺđĺđĄđźđĺđĄđźđĺđĄđŽđĺđĄđĺđĄđĺđĄđŽđĺđĺđĺđĄđźđĺđĄđźđĺđĄđŽđĺđĄđĺđĄđĺđĄđŽđĺđĺđĺđĄđźđĺđĄđźđĺđĄđŽđĺđĄđĺđĄđĺđĄđŽđĺđĺđĺđĄđźđĺđĄđźđĺđĄđŽđĺđĄđĺđĄđĺđĄđŽđĺđĺđĺđĄđźđĺđĄđźđĺđĄđŽđĺđĄđĺđĄđĺđĄđŽđĺđĺđĺđĄđźđĺđĄđźđĺđĄđŽđĺđĄđĺđĄđĺđĄđŽđĺđĺđĺđĄđźđĺđĄđźđĺđĄđŽđĺđĄđĺđĄđĺđĄđŽđĺđĺđĺđĄđźđĺđĄđźđĺđĄđŽđĺđĄđĺđĄđĺđĄđŽđĺđĺđĺđĄđźđĺđĄđźđĺđĄđŽđĺđĄđĺđĄđĺđĄđŽđĺđĺđĺđĄđźđĺđĄđźđĺđĄđŽđĺđĄđĺđĄđĺđĄđŽđĺđĺđĺđĄđźđĺđĄđźđĺđĄđŽđĺđĄđĺđĄđĺđĄđŽđĺđĺđĺđĄđźđĺđĄđźđĺđĄđŽđĺđĄđĺđĄđĺđĄđŽđĺđĺđĺđĄđźđĺđĄđźđĺđĄđŽđĺđĄđĺđĄđĺđĄđŽđĺđĺđĺđĄđźđĺđĄđźđĺđĄđŽđĺđĄđĺđĄđĺđĄđŽđĺđĺđĺđĄđźđĺđĄđźđĺđĄđŽđĺđĄđĺđĄđĺđĄđŽđĺđĺđĺđĄđźđĺđĄđźđĺđĄđŽđĺđĄđĺđĄđĺđĄđŽđĺđĺđĺđĄđźđĺđĄđźđĺđĄđŽđĺđĄđĺđĄđĺđĄđŽđĺđĺđĺđĄđźđĺđĄđźđĺđĄđŽđĺđĄđĺđĄđĺđĄđŽđĺđĺđĺđĄđźđĺđĄđźđĺđĄđŽđĺđĄđĺđĄđĺđĄđŽđĺđĺđĺđĄđźđĺđĄđźđĺđĄđŽđĺđĄđĺđĄđĺđĄđŽđĺđĺđĺđĄđźđĺđĄđźđĺđĄđŽđĺđĄđĺđĄđĺđĄđŽđĺđĺđĺđĄđźđĺđĄđźđĺđĄđŽđĺđĄđĺđĄđĺđĄđŽđĺđĺđĺđĄđźđĺđĄđźđĺđĄđŽđĺđĄđĺđĄđĺđĄđŽđĺđĺđĺđĄđźđĺđĄđźđĺđĄđŽđĺđĄđĺđĄđĺđĄđŽđĺđĺđĺđĄđźđĺđĄđźđĺđĄđŽđĺđĄđĺđĄđĺđĄđŽđĺđĺđĺđĄđźđĺđĄđźđĺđĄđŽđĺđĄđĺđĄđĺđĄđŽđĺđĺđĺđĄđźđĺđĄđźđĺđĄđŽđĺđĄđĺđĄđĺđĄđŽđĺđĺđĺđĄđźđĺđĄđźđĺđĄđŽđĺđĄđĺđĄđĺđĄđŽđĺđĺđĺđĄđźđĺđĄđźđĺđĄđŽđĺđĄđĺđĄđĺđĄđŽđĺđĺđĺđĄđźđĺđĄđźđĺđĄđŽđĺđĄđĺđĄđĺđĄđŽđĺđĺđĺđĄđźđĺđĄđźđĺđĄđŽđĺđĄđĺđĄđĺđĄđŽđĺđĺđĺđĄđźđĺđĄđźđĺđĄđŽđĺđĄđĺđĄđĺđĄđŽđĺđĺđĺđĄđźđĺđĄđźđĺđĄđŽđĺđĄđĺđĄđĺđĄđŽđĺđĺđĺđĄđźđĺđĄđźđĺđĄđŽđĺđĄđĺđĄđĺđĄđŽđĺđĺđĺđĄđźđĺđĄđźđĺđĄđŽđĺđĄđĺđĄđĺđĄđŽđĺđĺđĺđĄđźđĺđĄđźđĺđĄđŽđĺđĄđĺđĄđĺđĄđŽđĺđĺđĺđĄđźđĺđĄđźđĺđĄđŽđĺđĄđĺđĄđĺđĄđŽđĺđĺđĺđĄđźđĺđĄđźđĺđĄđŽđĺđĄđĺđĄđĺđĄđŽđĺđĺđĺđĄđźđĺđĄđźđĺđĄđŽđĺđĄđĺđĄđĺđĄđŽđĺđĺđĺđĄđźđĺđĄđźđĺđĄđŽđĺđĄđĺđĄđĺđĄđŽđĺđĺđĺđĄđźđĺđĄđźđĺđĄđŽđĺđĄđĺđĄđĺđĄđŽđĺđĺđĺđĄđźđĺđĄđźđĺđĄđŽđĺđĄđĺđĄđĺđĄđŽđĺđĺđĺđĄđźđĺđĄđźđĺđĄđŽđĺđĄđĺđĄđĺđĄđŽđĺđĺđĺđĄđźđĺđĄđźđĺđĄđŽđĺđĄđĺđĄđĺđĄđŽđĺđĺđĺđĄđźđĺđĄđźđĺđĄđŽđĺđĄđĺđĄđĺđĄđŽđĺđĺđĺđĄđźđĺđĄđźđĺđĄđŽđĺđĄđĺđĄđĺđĄđŽđĺđĺđĺđĄđźđĺđĄđźđĺđĄđŽđĺđĄđĺđĄđĺđĄđŽđĺđĺđĺđĄđźđĺđĄđźđĺđĄđŽđĺđĄđĺđĄđĺđĄđŽđĺđĺđĺđĄđźđĺđĄđźđĺđĄđŽđĺđĄđĺđĄđĺđĄđŽđĺđĺđĺđĄđźđĺđĄđźđĺđĄđŽđĺđĄđĺđĄđĺđĄđŽđĺđĺđĺđĄđźđĺđĄđźđĺđĄđŽđĺđĄđĺđĄđĺđĄđŽđĺđĺđĺđĄđźđĺđĄđźđĺđĄđŽđĺđĄđĺđĄđĺđĄđŽđĺđĺđĺđĄđźđĺđĄđźđĺđĄđŽđĺđĄđĺđĄđĺđĄđŽđĺđĺđĺđĄđźđĺđĄđźđĺđĄđŽđĺđĄđĺđĄđĺđĄđŽđĺđĺđĺđĄđźđĺđĄđźđĺđĄđŽđĺđĄđĺđĄđĺđĄđŽđĺđĺđĺđĄđźđĺđĄđźđĺđĄđŽđĺđĄđĺđĄđĺđĄđŽđĺđĺđĺđĄđźđĺđĄđźđĺđĄđŽđĺđĄđĺđĄđĺđĄđŽđĺđĺđĺđĄđźđĺđĄđźđĺđĄđŽđĺđĄđĺđĄđĺđĄđŽđĺđĺđĺđĄđźđĺđĄđźđĺđĄđŽđĺđĄđĺđĄđĺđĄđŽđĺđĺđĺđĄđźđĺđĄđźđĺđĄđŽđĺđĄđĺđĄđĺđĄđŽđĺđĺđĺđĄđźđĺđĄđźđĺđĄđŽđĺđĄđĺđĄđĺđĄđŽđĺđĺđĺđĄđźđĺđĄđźđĺđĄđŽđĺđĄđĺđĄđĺđĄđŽđĺđĺđĺđĄđźđĺđĄđźđĺđĄđŽđĺđĄđĺđĄđĺđĄđŽđĺđĺđĺđĄđźđĺđĄđźđĺđĄđŽđĺđĄđĺđĄđĺđĄđŽđĺđĺđĺđĄđźđĺđĄđźđĺđĄđŽđĺđĄđĺđĄđĺđĄđŽđĺđĺđĺđĄđźđĺđĄđźđĺđĄđŽđĺđĄđĺđĄđĺđĄđŽđĺđĺđĺđĄđźđĺđĄđźđĺđĄđŽđĺđĄđĺđĄđĺđĄđŽđĺđĺđĺđĄđźđĺđĄđźđĺđĄđŽđĺđĄđĺđĄđĺđĄđŽđĺđĺđĺđĄđźđĺđĄđźđĺđĄđŽđĺđĄđĺđĄđĺđĄđŽđĺđĺđĺđĄđźđĺđĄđźđĺđĄđŽđĺđĄđĺđĄđĺđĄđŽđĺđĺđĺđĄđźđĺđĄđźđĺđĄđŽđĺđĄđĺđĄđĺđĄđŽđĺđĺđĺđĄđźđĺđĄđźđĺđĄđŽđĺđĄđĺđĄđĺđĄđŽđĺđĺđĺđĄđźđĺđĄđźđĺđĄđŽđĺđĄđĺđĄđĺđĄđŽđĺđĺđĺđĄđźđĺđĄđźđĺđĄđŽđĺđĄđĺđĄđĺđĄđŽđĺđĺđĺđĄđźđĺđĄđźđĺđĄđŽđĺđĄđĺđĄđĺđĄđŽđĺđĺđĺđĄđźđĺđĄđźđĺđĄđŽđĺđĄđĺđĄđĺđĄđŽđĺđĺđĺđĄđźđĺđĄđźđĺđĄđŽđĺđĄđĺđĄđĺđĄđŽđĺđĺđĺđĄđźđĺđĄđźđĺđĄđŽđĺđĄđĺđĄđĺđĄđŽđĺđĺđĺđĄđźđĺđĄđźđĺđĄđŽđĺđĄđĺđĄđĺđĄđŽđĺđĺđĺđĄđźđĺđĄđźđĺđĄđŽđĺđĄđĺđĄđĺđĄđŽđĺđĺđĺđĄđźđĺđĄđźđĺđĄđŽđĺđĄđĺđĄđĺđĄđŽđĺđĺđĺđĄđźđĺđĄđźđĺđĄđŽđĺđĄđĺđĄđĺđĄđŽđĺđĺđĺđĄđźđĺđĄđźđĺđĄđŽđĺđĄđĺđĄđĺđĄđŽđĺđĺđĺđĄđźđĺđĄđźđĺđĄđŽđĺđĄđĺđĄđĺđĄđŽđĺđĺđĺđĄđźđĺđĄđźđĺđĄđŽđĺđĄđĺđĄđĺđĄđŽđĺđĺđĺđĄđźđĺđĄđźđĺđĄđŽđĺđĄđĺđĄđĺđĄđŽđĺđĺđĺđĄđźđĺđĄđźđĺđĄđŽđĺđĄđĺđĄđĺđĄđŽđĺđĺđĺđĄđźđĺđĄđźđĺđĄđŽđĺđĄđĺđĄđĺđĄđŽđĺđĺđĺđĄđźđĺđĄđźđĺđĄđŽđĺđĄđĺđĄđĺđĄđŽđĺđĺđĺđĄđźđĺđĄđźđĺđĄđŽđĺđĄđĺđĄđĺđĄđŽđĺđĺđĺđĄđźđĺđĄđźđĺđĄđŽđĺđĄđĺđĄđĺđĄđŽđĺđĺđĺđĄđźđĺđĄđźđĺđĄđŽđĺđĄđĺđĄđĺđĄđŽđĺđĺđĺđĄđźđĺđĄđźđĺđĄđŽđĺđĄđĺđĄđĺđĄđŽđĺđĺđĺđĄđźđĺđĄđźđĺđĄđŽđĺđĄđĺđĄđĺđĄđŽđĺđĺđĺđĄđźđĺđĄđźđĺđĄđŽđĺđĄđĺđĄđĺđĄđŽđĺđĺđĺđĄđźđĺđĄđźđĺđĄđŽđĺđĄđĺđĄđĺđĄđŽđĺđĺđĺđĄđźđĺđĄđźđĺđĄđŽđĺđĄđĺđĄđĺđĄđŽđĺđĺđĺđĄđźđĺđĄđźđĺđĄđŽđĺđĄđĺđĄđĺđĄđŽđĺđĺđĺđĄđźđĺđĄđźđĺđĄđŽđĺđĄđĺđĄđĺđĄđŽđĺđĺđĺđĄđźđĺđĄđźđĺđĄđŽđĺđĄđĺđĄđĺđĄđŽđĺđĺđĺđĄđźđĺđĄđźđĺđĄđŽđĺđĄđĺđĄđĺđĄđŽđĺđĺđĺđĄđźđĺđĄđźđĺđĄđŽđĺđĄđĺđĄđĺđĄđŽđĺđĺđĺđĄđźđĺđĄđźđĺđĄđŽđĺđĄđĺđĄđĺđĄđŽđĺđĺđĺđĄđźđĺđĄđźđĺđĄđŽđĺđĄđĺđĄđĺđĄđŽđĺđĺđĺđĄđźđĺđĄđźđĺđĄđŽđĺđĄđĺđĄđĺđĄđŽđĺđĺđĺđĄđźđĺđĄđźđĺđĄđŽđĺđĄđĺđĄđĺđĄđŽđĺđĺđĺđĄđźđĺđĄđźđĺđĄđŽđĺđĄđĺđĄđĺđĄđŽđĺđĺđĺđĄđźđĺđĄđźđĺđĄđŽđĺđĄđĺđĄđĺđĄđŽđĺđĺđĺđĄđźđĺđĄđźđĺđĄđŽđĺđĄđĺđĄđĺđĄđŽđĺđĺđĺđĄđźđĺđĄđźđĺđĄđŽđĺđĄđĺđĄđĺđĄđŽđĺđĺđĺđĄđźđĺđĄđźđĺđĄđŽđĺđĄđĺđĄđĺđĄđŽđĺđĺđĺđĄđźđĺđĄđźđĺđĄđŽđĺđĄđĺđĄđĺđĄđŽđĺđĺđĺđĄđźđĺđĄđźđĺđĄđŽđĺđĄđĺđĄđĺđĄđŽđĺđĺđĺđĄđźđĺđĄđźđĺđĄđŽđĺđĄđĺđĄđĺđĄđŽđĺđĺđĺđĄđźđĺđĄđźđĺđĄđŽđĺđĄđĺđĄđĺđĄđŽđĺđĺđĺđĄđźđĺđĄđźđĺđĄđŽđĺđĄđĺđĄđĺđĄđŽđĺđĺđĺđĄđźđĺđĄđźđĺđĄđŽđĺđĄđĺđĄđĺđĄđŽđĺđĺđĺđĄđźđĺđĄđźđĺđĄđŽđĺđĄđĺđĄđĺđĄđŽđĺđĺđĺđĄđźđĺđĄđźđĺđĄđŽđĺđĄđĺđĄđĺđĄđŽđĺđĺđĺđĄđźđĺđĄđźđĺđĄđŽđĺđĄđĺđĄđĺđĄđŽđĺđĺđĺđĄđźđĺđĄđźđĺđĄđŽđĺđĄđĺđĄđĺđĄđŽđĺđĺđĺđĄđźđĺđĄđźđĺđĄđŽđĺđĄđĺđĄđĺđĄđŽđĺđĺđĺđĄđźđĺđĄđźđĺđĄđŽđĺđĄđĺđĄđĺđĄđŽđĺđĺđĺđĄđźđĺđĄđźđĺđĄđŽđĺđĄđĺđĄđĺđĄđŽđĺđĺđĺđĄđźđĺđĄđźđĺđĄđŽđĺđĄđĺđĄđĺđĄđŽđĺđĺđĺđĄđźđĺđĄđźđĺđĄđŽđĺđĄđĺđĄđĺđĄđŽđĺđĺđĺđĄđźđĺđĄđźđĺđĄđŽđĺđĄđĺđĄđĺđĄđŽđĺđĺđĺđĄđźđĺđĄđźđĺđĄđŽđĺđĄđĺđĄđĺđĄđŽđĺđĺđĺđĄđźđĺđĄđźđĺđĄđŽđĺđĄđĺđĄđĺđĄđŽđĺđĺđĺđĄđźđĺđĄđźđĺđĄđŽđĺđĄđĺđĄđĺđĄđŽđĺđĺđĺđĄđźđĺđĄđźđĺđĄđŽđĺđĄđĺđĄđĺđĄđŽđĺđĺđĺđĄđźđĺđĄđźđĺđĄđŽđĺđĄđĺđĄđĺđĄđŽđĺđĺđĺđĄđźđĺđĄđźđĺđĄđŽđĺđĄđĺđĄđĺđĄđŽđĺđĺđĺđĄđźđĺđĄđźđĺđĄđŽđĺđĄđĺđĄđĺđĄđŽđĺđĺđĺđĄđźđĺđĄđźđĺđĄđŽđĺđĄđĺđĄđĺđĄđŽđĺđĺđĺđĄđźđĺđĄđźđĺđĄđŽđĺđĄđĺđĄđĺđĄđŽđĺđĺđĺđĄđźđĺđĄđźđĺđĄđŽđĺđĄđĺđĄđĺđĄđŽđĺđĺđĺđĄđźđĺđĄđźđĺđĄđŽđĺđĄđĺđĄđĺđĄđŽđĺđĺđĺđĄđźđĺđĄđźđĺđĄđŽđĺđĄđĺđĄđĺđĄđŽđĺđĺđĺđĄđźđĺđĄđźđĺđĄđŽđĺđĄđĺđĄđĺđĄđŽđĺđĺđĺđĄđźđĺđĄđźđĺđĄđŽđĺđĄđĺđĄđĺđĄđŽđĺđĺđĺđĄđźđĺđĄđźđĺđĄđŽđĺđĄđĺđĄđĺđĄđŽđĺđĺđĺđĄđźđĺđĄđźđĺđĄđŽđĺđĄđĺđĄđĺđĄđŽđĺđĺđĺđĄđźđĺđĄđźđĺđĄđŽđĺđĄđĺđĄđĺđĄđŽđĺđĺđĺđĄđźđĺđĄđźđĺđĄđŽđĺđĄđĺđĄđĺđĄđŽđĺđĺđĺđĄđźđĺđĄđźđĺđĄđŽđĺđĄđĺđĄđĺđĄđŽđĺđĺđĺđĄđźđĺđĄđźđĺđĄđŽđĺđĄđĺđĄđĺđĄđŽđĺđĺđĺđĄđźđĺđĄđźđĺđĄđŽđĺđĄđĺđĄđĺđĄđŽđĺđĺđĺđĄđźđĺđĄđźđĺđĄđŽđĺđĄđĺđĄđĺđĄđŽđĺđĺđĺđĄđźđĺđĄđźđĺđĄđŽđĺđĄđĺđĄđĺđĄđŽđĺđĺđĺđĄđźđĺđĄđźđĺđĄđŽđĺđĄđĺđĄđĺđĄđŽđĺđĺđĺđĄđźđĺđĄđźđĺđĄđŽđĺđĄđĺđĄđĺđĄđŽđĺđĺđĺđĄđźđĺđĄđźđĺđĄđŽđĺđĄđĺđĄđĺđĄđŽđĺđĺđĺđĄđźđĺđĄđźđĺđĄđŽđĺđĄđĺđĄđĺđĄđŽđĺđĺđĺđĄđźđĺđĄđźđĺđĄđŽđĺđĄđĺđĄđĺđĄđŽđĺđĺđĺđĄđźđĺđĄđźđĺđĄđŽđĺđĄđĺđĄđĺđĄđŽđĺđĺđĺđĄđźđĺđĄđźđĺđĄđŽđĺđĄđĺđĄđĺđĄđŽđĺđĺđĺđĄđźđĺđĄđźđĺđĄđŽđĺđĄđĺđĄđĺđĄđŽđĺđĺđĺđĄđźđĺđĄđźđĺđĄđŽđĺđĄđĺđĄđĺđĄđŽđĺđĺđĺđĄđźđĺđĄđźđĺđĄđŽđĺđĄđĺđĄđĺđĄđŽđĺđĺđĺđĄđźđĺđĄđźđĺđĄđŽđĺđĄđĺđĄđĺđĄđŽđĺđĺđĺđĄđźđĺđĄđźđĺđĄđŽđĺđĄđĺđĄđĺđĄđŽđĺđ╝\n\n## đŚđ░đ│đżđ╗đżđ▓đżđ║ 3	2026-03-13 12:32:28.271494	published	3	12	\N
26	đŁđ░ĐüđÁđ║đżđ╝Đő	đľĐâđÂđ░Đé đŞ đ║ĐâĐüđ░ĐÄĐéĐüĐĆ, đ░ đŞđŻđżđ│đ┤đ░ đżĐçđÁđŻĐî đ┤đ░đÂđÁ đ┐ĐÇđŞđ║đżđ╗ĐîđŻĐőđÁ	2026-03-13 12:33:24.78371	published	4	2	\N
27	đŁđ░ĐüđÁđ║đżđ╝Đő	đľĐâđÂđ░Đé đŞ đ║ĐâĐüđ░ĐÄĐéĐüĐĆ, đ░ đŞđŻđżđ│đ┤đ░ đżĐçđÁđŻĐî đ┤đ░đÂđÁ đ┐ĐÇđŞđ║đżđ╗ĐîđŻĐőđÁ	2026-03-13 12:33:24.79243	published	5	2	\N
28	đŁđ░đĚđ▓đŻĐîĐćđÁ	# đčĐÇđŞđ╝đÁĐÇđŻđż Đéđ░đ║\nđĺđĺđĄđźđĺđĄđźđĺđĄđŽđĺđĄđĺđĄđĺđĄđŽđĺđĺđĺđĄđźđĺđĄđźđĺđĄđŽđĺđĄđĺđĄđĺđĄđŽđĺđĺđĺđĄđźđĺđĄđźđĺđĄđŽđĺđĄđĺđĄđĺđĄđŽđĺđĺđĺđĄđźđĺđĄđźđĺđĄđŽđĺđĄđĺđĄđĺđĄđŽđĺđĺđĺđĄđźđĺđĄđźđĺđĄđŽđĺđĄđĺđĄđĺđĄđŽđĺđĺđĺđĄđźđĺđĄđźđĺđĄđŽđĺđĄđĺđĄđĺđĄđŽđĺđĺđĺđĄđźđĺđĄđźđĺđĄđŽđĺđĄđĺđĄđĺđĄđŽđĺđĺđĺđĄđźđĺđĄđźđĺđĄđŽđĺđĄđĺđĄđĺđĄđŽđĺđĺđĺđĄđźđĺđĄđźđĺđĄđŽđĺđĄđĺđĄđĺđĄđŽđĺđĺđĺđĄđźđĺđĄđźđĺđĄđŽđĺđĄđĺđĄđĺđĄđŽđĺđĺđĺđĄđźđĺđĄđźđĺđĄđŽđĺđĄđĺđĄđĺđĄđŽđĺđĺđĺđĄđźđĺđĄđźđĺđĄđŽđĺđĄđĺđĄđĺđĄđŽđĺđĺđĺđĄđźđĺđĄđźđĺđĄđŽđĺđĄđĺđĄđĺđĄđŽđĺđĺđĺđĄđźđĺđĄđźđĺđĄđŽđĺđĄđĺđĄđĺđĄđŽđĺđĺđĺđĄđźđĺđĄđźđĺđĄđŽđĺđĄđĺđĄđĺđĄđŽđĺđĺđĺđĄđźđĺđĄđźđĺđĄđŽđĺđĄđĺđĄđĺđĄđŽđĺđĺđĺđĄđźđĺđĄđźđĺđĄđŽđĺđĄđĺđĄđĺđĄđŽđĺđĺđĺđĄđźđĺđĄđźđĺđĄđŽđĺđĄđĺđĄđĺđĄđŽđĺđĺđĺđĄđźđĺđĄđźđĺđĄđŽđĺđĄđĺđĄđĺđĄđŽđĺđĺđĺđĄđźđĺđĄđźđĺđĄđŽđĺđĄđĺđĄđĺđĄđŽđĺđĺđĺđĄđźđĺđĄđźđĺđĄđŽđĺđĄđĺđĄđĺđĄđŽđĺđĺđĺđĄđźđĺđĄđźđĺđĄđŽđĺđĄđĺđĄđĺđĄđŽđĺ\n## 2 đŚđ░đ│đżđ╗đżđ▓đżđ║\n\nđĺđĺđĄđźđĺđĄđźđĺđĄđŽđĺđĄđĺđĄđĺđĄđŽđĺđĺđĺđĄđźđĺđĄđźđĺđĄđŽđĺđĄđĺđĄđĺđĄđŽđĺđĺđĺđĄđźđĺđĄđźđĺđĄđŽđĺđĄđĺđĄđĺđĄđŽđĺđĺđĺđĄđźđĺđĄđźđĺđĄđŽđĺđĄđĺđĄđĺđĄđŽđĺđĺđĺđĄđźđĺđĄđźđĺđĄđŽđĺđĄđĺđĄđĺđĄđŽđĺđĺđĺđĄđźđĺđĄđźđĺđĄđŽđĺđĄđĺđĄđĺđĄđŽđĺđĺđĺđĄđźđĺđĄđźđĺđĄđŽđĺđĄđĺđĄđĺđĄđŽđĺđĺđĺđĄđźđĺđĄđźđĺđĄđŽđĺđĄđĺđĄđĺđĄđŽđĺđĺđĺđĄđźđĺđĄđźđĺđĄđŽđĺđĄđĺđĄđĺđĄđŽđĺđĺđĺđĄđźđĺđĄđźđĺđĄđŽđĺđĄđĺđĄđĺđĄđŽđĺđĺđĺđĄđźđĺđĄđźđĺđĄđŽđĺđĄđĺđĄđĺđĄđŽđĺđĺđĺđĄđźđĺđĄđźđĺđĄđŽđĺđĄđĺđĄđĺđĄđŽđĺđĺđĺđĄđźđĺđĄđźđĺđĄđŽđĺđĄđĺđĄđĺđĄđŽđĺđĺđĺđĄđźđĺđĄđźđĺđĄđŽđĺđĄđĺđĄđĺđĄđŽđĺđĺđĺđĄđźđĺđĄđźđĺđĄđŽđĺđĄđĺđĄđĺđĄđŽđĺđĺđĺđĄđźđĺđĄđźđĺđĄđŽđĺđĄđĺđĄđĺđĄđŽđĺđĺđĺđĄđźđĺđĄđźđĺđĄđŽđĺđĄđĺđĄđĺđĄđŽđĺđĺđĺđĄđźđĺđĄđźđĺđĄđŽđĺđĄđĺđĄđĺđĄđŽđĺđĺđĺđĄđźđĺđĄđźđĺđĄđŽđĺđĄđĺđĄđĺđĄđŽđĺđĺđĺđĄđźđĺđĄđźđĺđĄđŽđĺđĄđĺđĄđĺđĄđŽđĺđĺđĺđĄđźđĺđĄđźđĺđĄđŽđĺđĄđĺđĄđĺđĄđŽđĺđĺđĺđĄđźđĺđĄđźđĺđĄđŽđĺđĄđĺđĄđĺđĄđŽđĺđĺđĺđĄđźđĺđĄđźđĺđĄđŽđĺđĄđĺđĄđĺđĄđŽđĺđĺđĺđĄđźđĺđĄđźđĺđĄđŽđĺđĄđĺđĄđĺđĄđŽđĺđĺđĺđĄđźđĺđĄđźđĺđĄđŽđĺđĄđĺđĄđĺđĄđŽđĺđĺđĺđĄđźđĺđĄđźđĺđĄđŽđĺđĄđĺđĄđĺđĄđŽđĺđĺđĺđĄđźđĺđĄđźđĺđĄđŽđĺđĄđĺđĄđĺđĄđŽđĺđĺđĺđĄđźđĺđĄđźđĺđĄđŽđĺđĄđĺđĄđĺđĄđŽđĺđĺđĺđĄđźđĺđĄđźđĺđĄđŽđĺđĄđĺđĄđĺđĄđŽđĺđĺđĺđĄđźđĺđĄđźđĺđĄđŽđĺđĄđĺđĄđĺđĄđŽđĺđĺđĺđĄđźđĺđĄđźđĺđĄđŽđĺđĄđĺđĄđĺđĄđŽđĺđĺđĺđĄđźđĺđĄđźđĺđĄđŽđĺđĄđĺđĄđĺđĄđŽđĺđĺđĺđĄđźđĺđĄđźđĺđĄđŽđĺđĄđĺđĄđĺđĄđŽđĺđĺđĺđĄđźđĺđĄđźđĺđĄđŽđĺđĄđĺđĄđĺđĄđŽđĺđĺđĺđĄđźđĺđĄđźđĺđĄđŽđĺđĄđĺđĄđĺđĄđŽđĺđĺđĺđĄđźđĺđĄđźđĺđĄđŽđĺđĄđĺđĄđĺđĄđŽđĺđĺđĺđĄđźđĺđĄđźđĺđĄđŽđĺđĄđĺđĄđĺđĄđŽđĺđĺđĺđĄđźđĺđĄđźđĺđĄđŽđĺđĄđĺđĄđĺđĄđŽđĺđĺđĺđĄđźđĺđĄđźđĺđĄđŽđĺđĄđĺđĄđĺđĄđŽđĺđĺđĺđĄđźđĺđĄđźđĺđĄđŽđĺđĄđĺđĄđĺđĄđŽđĺđĺđĺđĄđźđĺđĄđźđĺđĄđŽđĺđĄđĺđĄđĺđĄđŽđĺđĺđĺđĄđźđĺđĄđźđĺđĄđŽđĺđĄđĺđĄđĺđĄđŽđĺđĺđĺđĄđźđĺđĄđźđĺđĄđŽđĺđĄđĺđĄđĺđĄđŽđĺđĺđĺđĄđźđĺđĄđźđĺđĄđŽđĺđĄđĺđĄđĺđĄđŽđĺđĺđĺđĄđźđĺđĄđźđĺđĄđŽđĺđĄđĺđĄđĺđĄđŽđĺđĺđĺđĄđźđĺđĄđźđĺđĄđŽđĺđĄđĺđĄđĺđĄđŽđĺđĺđĺđĄđźđĺđĄđźđĺđĄđŽđĺđĄđĺđĄđĺđĄđŽđĺđĺđĺđĄđźđĺđĄđźđĺđĄđŽđĺđĄđĺđĄđĺđĄđŽđĺđĺđĺđĄđźđĺđĄđźđĺđĄđŽđĺđĄđĺđĄđĺđĄđŽđĺđĺđĺđĄđźđĺđĄđźđĺđĄđŽđĺđĄđĺđĄđĺđĄđŽđĺđĺđĺđĄđźđĺđĄđźđĺđĄđŽđĺđĄđĺđĄđĺđĄđŽđĺđĺđĺđĄđźđĺđĄđźđĺđĄđŽđĺđĄđĺđĄđĺđĄđŽđĺđĺđĺđĄđźđĺđĄđźđĺđĄđŽđĺđĄđĺđĄđĺđĄđŽđĺđĺđĺđĄđźđĺđĄđźđĺđĄđŽđĺđĄđĺđĄđĺđĄđŽđĺđĺđĺđĄđźđĺđĄđźđĺđĄđŽđĺđĄđĺđĄđĺđĄđŽđĺđĺđĺđĄđźđĺđĄđźđĺđĄđŽđĺđĄđĺđĄđĺđĄđŽđĺđĺđĺđĄđźđĺđĄđźđĺđĄđŽđĺđĄđĺđĄđĺđĄđŽđĺđĺđĺđĄđźđĺđĄđźđĺđĄđŽđĺđĄđĺđĄđĺđĄđŽđĺđĺđĺđĄđźđĺđĄđźđĺđĄđŽđĺđĄđĺđĄđĺđĄđŽđĺđĺđĺđĄđźđĺđĄđźđĺđĄđŽđĺđĄđĺđĄđĺđĄđŽđĺđĺđĺđĄđźđĺđĄđźđĺđĄđŽđĺđĄđĺđĄđĺđĄđŽđĺđĺđĺđĄđźđĺđĄđźđĺđĄđŽđĺđĄđĺđĄđĺđĄđŽđĺđĺđĺđĄđźđĺđĄđźđĺđĄđŽđĺđĄđĺđĄđĺđĄđŽđĺđĺđĺđĄđźđĺđĄđźđĺđĄđŽđĺđĄđĺđĄđĺđĄđŽđĺđĺđĺđĄđźđĺđĄđźđĺđĄđŽđĺđĄđĺđĄđĺđĄđŽđĺđĺđĺđĄđźđĺđĄđźđĺđĄđŽđĺđĄđĺđĄđĺđĄđŽđĺđĺđĺđĄđźđĺđĄđźđĺđĄđŽđĺđĄđĺđĄđĺđĄđŽđĺđĺđĺđĄđźđĺđĄđźđĺđĄđŽđĺđĄđĺđĄđĺđĄđŽđĺđĺđĺđĄđźđĺđĄđźđĺđĄđŽđĺđĄđĺđĄđĺđĄđŽđĺđĺđĺđĄđźđĺđĄđźđĺđĄđŽđĺđĄđĺđĄđĺđĄđŽđĺđĺđĺđĄđźđĺđĄđźđĺđĄđŽđĺđĄđĺđĄđĺđĄđŽđĺđĺđĺđĄđźđĺđĄđźđĺđĄđŽđĺđĄđĺđĄđĺđĄđŽđĺđĺđĺđĄđźđĺđĄđźđĺđĄđŽđĺđĄđĺđĄđĺđĄđŽđĺđĺđĺđĄđźđĺđĄđźđĺđĄđŽđĺđĄđĺđĄđĺđĄđŽđĺđĺđĺđĄđźđĺđĄđźđĺđĄđŽđĺđĄđĺđĄđĺđĄđŽđĺđĺđĺđĄđźđĺđĄđźđĺđĄđŽđĺđĄđĺđĄđĺđĄđŽđĺđĺđĺđĄđźđĺđĄđźđĺđĄđŽđĺđĄđĺđĄđĺđĄđŽđĺđĺđĺđĄđźđĺđĄđźđĺđĄđŽđĺđĄđĺđĄđĺđĄđŽđĺđĺđĺđĄđźđĺđĄđźđĺđĄđŽđĺđĄđĺđĄđĺđĄđŽđĺđĺđĺđĄđźđĺđĄđźđĺđĄđŽđĺđĄđĺđĄđĺđĄđŽđĺđĺđĺđĄđźđĺđĄđźđĺđĄđŽđĺđĄđĺđĄđĺđĄđŽđĺđĺđĺđĄđźđĺđĄđźđĺđĄđŽđĺđĄđĺđĄđĺđĄđŽđĺđĺđĺđĄđźđĺđĄđźđĺđĄđŽđĺđĄđĺđĄđĺđĄđŽđĺđĺđĺđĄđźđĺđĄđźđĺđĄđŽđĺđĄđĺđĄđĺđĄđŽđĺđĺđĺđĄđźđĺđĄđźđĺđĄđŽđĺđĄđĺđĄđĺđĄđŽđĺđĺđĺđĄđźđĺđĄđźđĺđĄđŽđĺđĄđĺđĄđĺđĄđŽđĺđĺđĺđĄđźđĺđĄđźđĺđĄđŽđĺđĄđĺđĄđĺđĄđŽđĺđĺđĺđĄđźđĺđĄđźđĺđĄđŽđĺđĄđĺđĄđĺđĄđŽđĺđĺđĺđĄđźđĺđĄđźđĺđĄđŽđĺđĄđĺđĄđĺđĄđŽđĺđĺđĺđĄđźđĺđĄđźđĺđĄđŽđĺđĄđĺđĄđĺđĄđŽđĺđĺđĺđĄđźđĺđĄđźđĺđĄđŽđĺđĄđĺđĄđĺđĄđŽđĺđĺđĺđĄđźđĺđĄđźđĺđĄđŽđĺđĄđĺđĄđĺđĄđŽđĺđĺđĺđĄđźđĺđĄđźđĺđĄđŽđĺđĄđĺđĄđĺđĄđŽđĺđĺđĺđĄđźđĺđĄđźđĺđĄđŽđĺđĄđĺđĄđĺđĄđŽđĺđĺđĺđĄđźđĺđĄđźđĺđĄđŽđĺđĄđĺđĄđĺđĄđŽđĺđĺđĺđĄđźđĺđĄđźđĺđĄđŽđĺđĄđĺđĄđĺđĄđŽđĺđĺđĺđĄđźđĺđĄđźđĺđĄđŽđĺđĄđĺđĄđĺđĄđŽđĺđĺđĺđĄđźđĺđĄđźđĺđĄđŽđĺđĄđĺđĄđĺđĄđŽđĺđĺđĺđĄđźđĺđĄđźđĺđĄđŽđĺđĄđĺđĄđĺđĄđŽđĺđĺđĺđĄđźđĺđĄđźđĺđĄđŽđĺđĄđĺđĄđĺđĄđŽđĺđĺđĺđĄđźđĺđĄđźđĺđĄđŽđĺđĄđĺđĄđĺđĄđŽđĺđĺđĺđĄđźđĺđĄđźđĺđĄđŽđĺđĄđĺđĄđĺđĄđŽđĺđĺđĺđĄđźđĺđĄđźđĺđĄđŽđĺđĄđĺđĄđĺđĄđŽđĺđĺđĺđĄđźđĺđĄđźđĺđĄđŽđĺđĄđĺđĄđĺđĄđŽđĺđĺđĺđĄđźđĺđĄđźđĺđĄđŽđĺđĄđĺđĄđĺđĄđŽđĺđĺđĺđĄđźđĺđĄđźđĺđĄđŽđĺđĄđĺđĄđĺđĄđŽđĺđĺđĺđĄđźđĺđĄđźđĺđĄđŽđĺđĄđĺđĄđĺđĄđŽđĺđĺđĺđĄđźđĺđĄđźđĺđĄđŽđĺđĄđĺđĄđĺđĄđŽđĺđĺđĺđĄđźđĺđĄđźđĺđĄđŽđĺđĄđĺđĄđĺđĄđŽđĺđĺđĺđĄđźđĺđĄđźđĺđĄđŽđĺđĄđĺđĄđĺđĄđŽđĺđĺđĺđĄđźđĺđĄđźđĺđĄđŽđĺđĄđĺđĄđĺđĄđŽđĺđĺđĺđĄđźđĺđĄđźđĺđĄđŽđĺđĄđĺđĄđĺđĄđŽđĺđĺđĺđĄđźđĺđĄđźđĺđĄđŽđĺđĄđĺđĄđĺđĄđŽđĺđĺđĺđĄđźđĺđĄđźđĺđĄđŽđĺđĄđĺđĄđĺđĄđŽđĺđĺđĺđĄđźđĺđĄđźđĺđĄđŽđĺđĄđĺđĄđĺđĄđŽđĺđĺđĺđĄđźđĺđĄđźđĺđĄđŽđĺđĄđĺđĄđĺđĄđŽđĺđĺđĺđĄđźđĺđĄđźđĺđĄđŽđĺđĄđĺđĄđĺđĄđŽđĺđĺđĺđĄđźđĺđĄđźđĺđĄđŽđĺđĄđĺđĄđĺđĄđŽđĺđĺđĺđĄđźđĺđĄđźđĺđĄđŽđĺđĄđĺđĄđĺđĄđŽđĺđĺđĺđĄđźđĺđĄđźđĺđĄđŽđĺđĄđĺđĄđĺđĄđŽđĺđĺđĺđĄđźđĺđĄđźđĺđĄđŽđĺđĄđĺđĄđĺđĄđŽđĺđĺđĺđĄđźđĺđĄđźđĺđĄđŽđĺđĄđĺđĄđĺđĄđŽđĺđĺđĺđĄđźđĺđĄđźđĺđĄđŽđĺđĄđĺđĄđĺđĄđŽđĺđĺđĺđĄđźđĺđĄđźđĺđĄđŽđĺđĄđĺđĄđĺđĄđŽđĺđĺđĺđĄđźđĺđĄđźđĺđĄđŽđĺđĄđĺđĄđĺđĄđŽđĺđĺđĺđĄđźđĺđĄđźđĺđĄđŽđĺđĄđĺđĄđĺđĄđŽđĺđĺđĺđĄđźđĺđĄđźđĺđĄđŽđĺđĄđĺđĄđĺđĄđŽđĺđĺđĺđĄđźđĺđĄđźđĺđĄđŽđĺđĄđĺđĄđĺđĄđŽđĺđĺđĺđĄđźđĺđĄđźđĺđĄđŽđĺđĄđĺđĄđĺđĄđŽđĺđĺđĺđĄđźđĺđĄđźđĺđĄđŽđĺđĄđĺđĄđĺđĄđŽđĺđĺđĺđĄđźđĺđĄđźđĺđĄđŽđĺđĄđĺđĄđĺđĄđŽđĺđĺđĺđĄđźđĺđĄđźđĺđĄđŽđĺđĄđĺđĄđĺđĄđŽđĺđĺđĺđĄđźđĺđĄđźđĺđĄđŽđĺđĄđĺđĄđĺđĄđŽđĺđĺđĺđĄđźđĺđĄđźđĺđĄđŽđĺđĄđĺđĄđĺđĄđŽđĺđĺđĺđĄđźđĺđĄđźđĺđĄđŽđĺđĄđĺđĄđĺđĄđŽđĺđĺđĺđĄđźđĺđĄđźđĺđĄđŽđĺđĄđĺđĄđĺđĄđŽđĺđĺđĺđĄđźđĺđĄđźđĺđĄđŽđĺđĄđĺđĄđĺđĄđŽđĺđĺđĺđĄđźđĺđĄđźđĺđĄđŽđĺđĄđĺđĄđĺđĄđŽđĺđĺđĺđĄđźđĺđĄđźđĺđĄđŽđĺđĄđĺđĄđĺđĄđŽđĺđĺđĺđĄđźđĺđĄđźđĺđĄđŽđĺđĄđĺđĄđĺđĄđŽđĺđĺđĺđĄđźđĺđĄđźđĺđĄđŽđĺđĄđĺđĄđĺđĄđŽđĺđĺđĺđĄđźđĺđĄđźđĺđĄđŽđĺđĄđĺđĄđĺđĄđŽđĺđĺđĺđĄđźđĺđĄđźđĺđĄđŽđĺđĄđĺđĄđĺđĄđŽđĺđĺđĺđĄđźđĺđĄđźđĺđĄđŽđĺđĄđĺđĄđĺđĄđŽđĺđĺđĺđĄđźđĺđĄđźđĺđĄđŽđĺđĄđĺđĄđĺđĄđŽđĺđĺđĺđĄđźđĺđĄđźđĺđĄđŽđĺđĄđĺđĄđĺđĄđŽđĺđĺđĺđĄđźđĺđĄđźđĺđĄđŽđĺđĄđĺđĄđĺđĄđŽđĺđĺđĺđĄđźđĺđĄđźđĺđĄđŽđĺđĄđĺđĄđĺđĄđŽđĺđĺđĺđĄđźđĺđĄđźđĺđĄđŽđĺđĄđĺđĄđĺđĄđŽđĺđĺđĺđĄđźđĺđĄđźđĺđĄđŽđĺđĄđĺđĄđĺđĄđŽđĺđĺđĺđĄđźđĺđĄđźđĺđĄđŽđĺđĄđĺđĄđĺđĄđŽđĺđĺđĺđĄđźđĺđĄđźđĺđĄđŽđĺđĄđĺđĄđĺđĄđŽđĺđĺđĺđĄđźđĺđĄđźđĺđĄđŽđĺđĄđĺđĄđĺđĄđŽđĺđĺđĺđĄđźđĺđĄđźđĺđĄđŽđĺđĄđĺđĄđĺđĄđŽđĺđĺđĺđĄđźđĺđĄđźđĺđĄđŽđĺđĄđĺđĄđĺđĄđŽđĺđĺđĺđĄđźđĺđĄđźđĺđĄđŽđĺđĄđĺđĄđĺđĄđŽđĺđĺđĺđĄđźđĺđĄđźđĺđĄđŽđĺđĄđĺđĄđĺđĄđŽđĺđĺđĺđĄđźđĺđĄđźđĺđĄđŽđĺđĄđĺđĄđĺđĄđŽđĺđĺđĺđĄđźđĺđĄđźđĺđĄđŽđĺđĄđĺđĄđĺđĄđŽđĺđĺđĺđĄđźđĺđĄđźđĺđĄđŽđĺđĄđĺđĄđĺđĄđŽđĺđĺđĺđĄđźđĺđĄđźđĺđĄđŽđĺđĄđĺđĄđĺđĄđŽđĺđĺđĺđĄđźđĺđĄđźđĺđĄđŽđĺđĄđĺđĄđĺđĄđŽđĺđĺđĺđĄđźđĺđĄđźđĺđĄđŽđĺđĄđĺđĄđĺđĄđŽđĺđĺđĺđĄđźđĺđĄđźđĺđĄđŽđĺđĄđĺđĄđĺđĄđŽđĺđĺđĺđĄđźđĺđĄđźđĺđĄđŽđĺđĄđĺđĄđĺđĄđŽđĺđĺđĺđĄđźđĺđĄđźđĺđĄđŽđĺđĄđĺđĄđĺđĄđŽđĺđĺđĺđĄđźđĺđĄđźđĺđĄđŽđĺđĄđĺđĄđĺđĄđŽđĺđĺđĺđĄđźđĺđĄđźđĺđĄđŽđĺđĄđĺđĄđĺđĄđŽđĺđĺđĺđĄđźđĺđĄđźđĺđĄđŽđĺđĄđĺđĄđĺđĄđŽđĺđĺđĺđĄđźđĺđĄđźđĺđĄđŽđĺđĄđĺđĄđĺđĄđŽđĺđĺđĺđĄđźđĺđĄđźđĺđĄđŽđĺđĄđĺđĄđĺđĄđŽđĺđĺđĺđĄđźđĺđĄđźđĺđĄđŽđĺđĄđĺđĄđĺđĄđŽđĺđĺđĺđĄđźđĺđĄđźđĺđĄđŽđĺđĄđĺđĄđĺđĄđŽđĺđĺđĺđĄđźđĺđĄđźđĺđĄđŽđĺđĄđĺđĄđĺđĄđŽđĺđĺđĺđĄđźđĺđĄđźđĺđĄđŽđĺđĄđĺđĄđĺđĄđŽđĺđĺđĺđĄđźđĺđĄđźđĺđĄđŽđĺđĄđĺđĄđĺđĄđŽđĺđ╝\n\n## đŚđ░đ│đżđ╗đżđ▓đżđ║ 3	2026-03-13 12:33:25.544092	published	4	12	\N
29	đŁđ░đĚđ▓đŻĐîĐćđÁ	# đčĐÇđŞđ╝đÁĐÇđŻđż Đéđ░đ║\nđĺđĺđĄđźđĺđĄđźđĺđĄđŽđĺđĄđĺđĄđĺđĄđŽđĺđĺđĺđĄđźđĺđĄđźđĺđĄđŽđĺđĄđĺđĄđĺđĄđŽđĺđĺđĺđĄđźđĺđĄđźđĺđĄđŽđĺđĄđĺđĄđĺđĄđŽđĺđĺđĺđĄđźđĺđĄđźđĺđĄđŽđĺđĄđĺđĄđĺđĄđŽđĺđĺđĺđĄđźđĺđĄđźđĺđĄđŽđĺđĄđĺđĄđĺđĄđŽđĺđĺđĺđĄđźđĺđĄđźđĺđĄđŽđĺđĄđĺđĄđĺđĄđŽđĺđĺđĺđĄđźđĺđĄđźđĺđĄđŽđĺđĄđĺđĄđĺđĄđŽđĺđĺđĺđĄđźđĺđĄđźđĺđĄđŽđĺđĄđĺđĄđĺđĄđŽđĺđĺđĺđĄđźđĺđĄđźđĺđĄđŽđĺđĄđĺđĄđĺđĄđŽđĺđĺđĺđĄđźđĺđĄđźđĺđĄđŽđĺđĄđĺđĄđĺđĄđŽđĺđĺđĺđĄđźđĺđĄđźđĺđĄđŽđĺđĄđĺđĄđĺđĄđŽđĺđĺđĺđĄđźđĺđĄđźđĺđĄđŽđĺđĄđĺđĄđĺđĄđŽđĺđĺđĺđĄđźđĺđĄđźđĺđĄđŽđĺđĄđĺđĄđĺđĄđŽđĺđĺđĺđĄđźđĺđĄđźđĺđĄđŽđĺđĄđĺđĄđĺđĄđŽđĺđĺđĺđĄđźđĺđĄđźđĺđĄđŽđĺđĄđĺđĄđĺđĄđŽđĺđĺđĺđĄđźđĺđĄđźđĺđĄđŽđĺđĄđĺđĄđĺđĄđŽđĺđĺđĺđĄđźđĺđĄđźđĺđĄđŽđĺđĄđĺđĄđĺđĄđŽđĺđĺđĺđĄđźđĺđĄđźđĺđĄđŽđĺđĄđĺđĄđĺđĄđŽđĺđĺđĺđĄđźđĺđĄđźđĺđĄđŽđĺđĄđĺđĄđĺđĄđŽđĺđĺđĺđĄđźđĺđĄđźđĺđĄđŽđĺđĄđĺđĄđĺđĄđŽđĺđĺđĺđĄđźđĺđĄđźđĺđĄđŽđĺđĄđĺđĄđĺđĄđŽđĺđĺđĺđĄđźđĺđĄđźđĺđĄđŽđĺđĄđĺđĄđĺđĄđŽđĺ\n## 2 đŚđ░đ│đżđ╗đżđ▓đżđ║\n\nđĺđĺđĄđźđĺđĄđźđĺđĄđŽđĺđĄđĺđĄđĺđĄđŽđĺđĺđĺđĄđźđĺđĄđźđĺđĄđŽđĺđĄđĺđĄđĺđĄđŽđĺđĺđĺđĄđźđĺđĄđźđĺđĄđŽđĺđĄđĺđĄđĺđĄđŽđĺđĺđĺđĄđźđĺđĄđźđĺđĄđŽđĺđĄđĺđĄđĺđĄđŽđĺđĺđĺđĄđźđĺđĄđźđĺđĄđŽđĺđĄđĺđĄđĺđĄđŽđĺđĺđĺđĄđźđĺđĄđźđĺđĄđŽđĺđĄđĺđĄđĺđĄđŽđĺđĺđĺđĄđźđĺđĄđźđĺđĄđŽđĺđĄđĺđĄđĺđĄđŽđĺđĺđĺđĄđźđĺđĄđźđĺđĄđŽđĺđĄđĺđĄđĺđĄđŽđĺđĺđĺđĄđźđĺđĄđźđĺđĄđŽđĺđĄđĺđĄđĺđĄđŽđĺđĺđĺđĄđźđĺđĄđźđĺđĄđŽđĺđĄđĺđĄđĺđĄđŽđĺđĺđĺđĄđźđĺđĄđźđĺđĄđŽđĺđĄđĺđĄđĺđĄđŽđĺđĺđĺđĄđźđĺđĄđźđĺđĄđŽđĺđĄđĺđĄđĺđĄđŽđĺđĺđĺđĄđźđĺđĄđźđĺđĄđŽđĺđĄđĺđĄđĺđĄđŽđĺđĺđĺđĄđźđĺđĄđźđĺđĄđŽđĺđĄđĺđĄđĺđĄđŽđĺđĺđĺđĄđźđĺđĄđźđĺđĄđŽđĺđĄđĺđĄđĺđĄđŽđĺđĺđĺđĄđźđĺđĄđźđĺđĄđŽđĺđĄđĺđĄđĺđĄđŽđĺđĺđĺđĄđźđĺđĄđźđĺđĄđŽđĺđĄđĺđĄđĺđĄđŽđĺđĺđĺđĄđźđĺđĄđźđĺđĄđŽđĺđĄđĺđĄđĺđĄđŽđĺđĺđĺđĄđźđĺđĄđźđĺđĄđŽđĺđĄđĺđĄđĺđĄđŽđĺđĺđĺđĄđźđĺđĄđźđĺđĄđŽđĺđĄđĺđĄđĺđĄđŽđĺđĺđĺđĄđźđĺđĄđźđĺđĄđŽđĺđĄđĺđĄđĺđĄđŽđĺđĺđĺđĄđźđĺđĄđźđĺđĄđŽđĺđĄđĺđĄđĺđĄđŽđĺđĺđĺđĄđźđĺđĄđźđĺđĄđŽđĺđĄđĺđĄđĺđĄđŽđĺđĺđĺđĄđźđĺđĄđźđĺđĄđŽđĺđĄđĺđĄđĺđĄđŽđĺđĺđĺđĄđźđĺđĄđźđĺđĄđŽđĺđĄđĺđĄđĺđĄđŽđĺđĺđĺđĄđźđĺđĄđźđĺđĄđŽđĺđĄđĺđĄđĺđĄđŽđĺđĺđĺđĄđźđĺđĄđźđĺđĄđŽđĺđĄđĺđĄđĺđĄđŽđĺđĺđĺđĄđźđĺđĄđźđĺđĄđŽđĺđĄđĺđĄđĺđĄđŽđĺđĺđĺđĄđźđĺđĄđźđĺđĄđŽđĺđĄđĺđĄđĺđĄđŽđĺđĺđĺđĄđźđĺđĄđźđĺđĄđŽđĺđĄđĺđĄđĺđĄđŽđĺđĺđĺđĄđźđĺđĄđźđĺđĄđŽđĺđĄđĺđĄđĺđĄđŽđĺđĺđĺđĄđźđĺđĄđźđĺđĄđŽđĺđĄđĺđĄđĺđĄđŽđĺđĺđĺđĄđźđĺđĄđźđĺđĄđŽđĺđĄđĺđĄđĺđĄđŽđĺđĺđĺđĄđźđĺđĄđźđĺđĄđŽđĺđĄđĺđĄđĺđĄđŽđĺđĺđĺđĄđźđĺđĄđźđĺđĄđŽđĺđĄđĺđĄđĺđĄđŽđĺđĺđĺđĄđźđĺđĄđźđĺđĄđŽđĺđĄđĺđĄđĺđĄđŽđĺđĺđĺđĄđźđĺđĄđźđĺđĄđŽđĺđĄđĺđĄđĺđĄđŽđĺđĺđĺđĄđźđĺđĄđźđĺđĄđŽđĺđĄđĺđĄđĺđĄđŽđĺđĺđĺđĄđźđĺđĄđźđĺđĄđŽđĺđĄđĺđĄđĺđĄđŽđĺđĺđĺđĄđźđĺđĄđźđĺđĄđŽđĺđĄđĺđĄđĺđĄđŽđĺđĺđĺđĄđźđĺđĄđźđĺđĄđŽđĺđĄđĺđĄđĺđĄđŽđĺđĺđĺđĄđźđĺđĄđźđĺđĄđŽđĺđĄđĺđĄđĺđĄđŽđĺđĺđĺđĄđźđĺđĄđźđĺđĄđŽđĺđĄđĺđĄđĺđĄđŽđĺđĺđĺđĄđźđĺđĄđźđĺđĄđŽđĺđĄđĺđĄđĺđĄđŽđĺđĺđĺđĄđźđĺđĄđźđĺđĄđŽđĺđĄđĺđĄđĺđĄđŽđĺđĺđĺđĄđźđĺđĄđźđĺđĄđŽđĺđĄđĺđĄđĺđĄđŽđĺđĺđĺđĄđźđĺđĄđźđĺđĄđŽđĺđĄđĺđĄđĺđĄđŽđĺđĺđĺđĄđźđĺđĄđźđĺđĄđŽđĺđĄđĺđĄđĺđĄđŽđĺđĺđĺđĄđźđĺđĄđźđĺđĄđŽđĺđĄđĺđĄđĺđĄđŽđĺđĺđĺđĄđźđĺđĄđźđĺđĄđŽđĺđĄđĺđĄđĺđĄđŽđĺđĺđĺđĄđźđĺđĄđźđĺđĄđŽđĺđĄđĺđĄđĺđĄđŽđĺđĺđĺđĄđźđĺđĄđźđĺđĄđŽđĺđĄđĺđĄđĺđĄđŽđĺđĺđĺđĄđźđĺđĄđźđĺđĄđŽđĺđĄđĺđĄđĺđĄđŽđĺđĺđĺđĄđźđĺđĄđźđĺđĄđŽđĺđĄđĺđĄđĺđĄđŽđĺđĺđĺđĄđźđĺđĄđźđĺđĄđŽđĺđĄđĺđĄđĺđĄđŽđĺđĺđĺđĄđźđĺđĄđźđĺđĄđŽđĺđĄđĺđĄđĺđĄđŽđĺđĺđĺđĄđźđĺđĄđźđĺđĄđŽđĺđĄđĺđĄđĺđĄđŽđĺđĺđĺđĄđźđĺđĄđźđĺđĄđŽđĺđĄđĺđĄđĺđĄđŽđĺđĺđĺđĄđźđĺđĄđźđĺđĄđŽđĺđĄđĺđĄđĺđĄđŽđĺđĺđĺđĄđźđĺđĄđźđĺđĄđŽđĺđĄđĺđĄđĺđĄđŽđĺđĺđĺđĄđźđĺđĄđźđĺđĄđŽđĺđĄđĺđĄđĺđĄđŽđĺđĺđĺđĄđźđĺđĄđźđĺđĄđŽđĺđĄđĺđĄđĺđĄđŽđĺđĺđĺđĄđźđĺđĄđźđĺđĄđŽđĺđĄđĺđĄđĺđĄđŽđĺđĺđĺđĄđźđĺđĄđźđĺđĄđŽđĺđĄđĺđĄđĺđĄđŽđĺđĺđĺđĄđźđĺđĄđźđĺđĄđŽđĺđĄđĺđĄđĺđĄđŽđĺđĺđĺđĄđźđĺđĄđźđĺđĄđŽđĺđĄđĺđĄđĺđĄđŽđĺđĺđĺđĄđźđĺđĄđźđĺđĄđŽđĺđĄđĺđĄđĺđĄđŽđĺđĺđĺđĄđźđĺđĄđźđĺđĄđŽđĺđĄđĺđĄđĺđĄđŽđĺđĺđĺđĄđźđĺđĄđźđĺđĄđŽđĺđĄđĺđĄđĺđĄđŽđĺđĺđĺđĄđźđĺđĄđźđĺđĄđŽđĺđĄđĺđĄđĺđĄđŽđĺđĺđĺđĄđźđĺđĄđźđĺđĄđŽđĺđĄđĺđĄđĺđĄđŽđĺđĺđĺđĄđźđĺđĄđźđĺđĄđŽđĺđĄđĺđĄđĺđĄđŽđĺđĺđĺđĄđźđĺđĄđźđĺđĄđŽđĺđĄđĺđĄđĺđĄđŽđĺđĺđĺđĄđźđĺđĄđźđĺđĄđŽđĺđĄđĺđĄđĺđĄđŽđĺđĺđĺđĄđźđĺđĄđźđĺđĄđŽđĺđĄđĺđĄđĺđĄđŽđĺđĺđĺđĄđźđĺđĄđźđĺđĄđŽđĺđĄđĺđĄđĺđĄđŽđĺđĺđĺđĄđźđĺđĄđźđĺđĄđŽđĺđĄđĺđĄđĺđĄđŽđĺđĺđĺđĄđźđĺđĄđźđĺđĄđŽđĺđĄđĺđĄđĺđĄđŽđĺđĺđĺđĄđźđĺđĄđźđĺđĄđŽđĺđĄđĺđĄđĺđĄđŽđĺđĺđĺđĄđźđĺđĄđźđĺđĄđŽđĺđĄđĺđĄđĺđĄđŽđĺđĺđĺđĄđźđĺđĄđźđĺđĄđŽđĺđĄđĺđĄđĺđĄđŽđĺđĺđĺđĄđźđĺđĄđźđĺđĄđŽđĺđĄđĺđĄđĺđĄđŽđĺđĺđĺđĄđźđĺđĄđźđĺđĄđŽđĺđĄđĺđĄđĺđĄđŽđĺđĺđĺđĄđźđĺđĄđźđĺđĄđŽđĺđĄđĺđĄđĺđĄđŽđĺđĺđĺđĄđźđĺđĄđźđĺđĄđŽđĺđĄđĺđĄđĺđĄđŽđĺđĺđĺđĄđźđĺđĄđźđĺđĄđŽđĺđĄđĺđĄđĺđĄđŽđĺđĺđĺđĄđźđĺđĄđźđĺđĄđŽđĺđĄđĺđĄđĺđĄđŽđĺđĺđĺđĄđźđĺđĄđźđĺđĄđŽđĺđĄđĺđĄđĺđĄđŽđĺđĺđĺđĄđźđĺđĄđźđĺđĄđŽđĺđĄđĺđĄđĺđĄđŽđĺđĺđĺđĄđźđĺđĄđźđĺđĄđŽđĺđĄđĺđĄđĺđĄđŽđĺđĺđĺđĄđźđĺđĄđźđĺđĄđŽđĺđĄđĺđĄđĺđĄđŽđĺđĺđĺđĄđźđĺđĄđźđĺđĄđŽđĺđĄđĺđĄđĺđĄđŽđĺđĺđĺđĄđźđĺđĄđźđĺđĄđŽđĺđĄđĺđĄđĺđĄđŽđĺđĺđĺđĄđźđĺđĄđźđĺđĄđŽđĺđĄđĺđĄđĺđĄđŽđĺđĺđĺđĄđźđĺđĄđźđĺđĄđŽđĺđĄđĺđĄđĺđĄđŽđĺđĺđĺđĄđźđĺđĄđźđĺđĄđŽđĺđĄđĺđĄđĺđĄđŽđĺđĺđĺđĄđźđĺđĄđźđĺđĄđŽđĺđĄđĺđĄđĺđĄđŽđĺđĺđĺđĄđźđĺđĄđźđĺđĄđŽđĺđĄđĺđĄđĺđĄđŽđĺđĺđĺđĄđźđĺđĄđźđĺđĄđŽđĺđĄđĺđĄđĺđĄđŽđĺđĺđĺđĄđźđĺđĄđźđĺđĄđŽđĺđĄđĺđĄđĺđĄđŽđĺđĺđĺđĄđźđĺđĄđźđĺđĄđŽđĺđĄđĺđĄđĺđĄđŽđĺđĺđĺđĄđźđĺđĄđźđĺđĄđŽđĺđĄđĺđĄđĺđĄđŽđĺđĺđĺđĄđźđĺđĄđźđĺđĄđŽđĺđĄđĺđĄđĺđĄđŽđĺđĺđĺđĄđźđĺđĄđźđĺđĄđŽđĺđĄđĺđĄđĺđĄđŽđĺđĺđĺđĄđźđĺđĄđźđĺđĄđŽđĺđĄđĺđĄđĺđĄđŽđĺđĺđĺđĄđźđĺđĄđźđĺđĄđŽđĺđĄđĺđĄđĺđĄđŽđĺđĺđĺđĄđźđĺđĄđźđĺđĄđŽđĺđĄđĺđĄđĺđĄđŽđĺđĺđĺđĄđźđĺđĄđźđĺđĄđŽđĺđĄđĺđĄđĺđĄđŽđĺđĺđĺđĄđźđĺđĄđźđĺđĄđŽđĺđĄđĺđĄđĺđĄđŽđĺđĺđĺđĄđźđĺđĄđźđĺđĄđŽđĺđĄđĺđĄđĺđĄđŽđĺđĺđĺđĄđźđĺđĄđźđĺđĄđŽđĺđĄđĺđĄđĺđĄđŽđĺđĺđĺđĄđźđĺđĄđźđĺđĄđŽđĺđĄđĺđĄđĺđĄđŽđĺđĺđĺđĄđźđĺđĄđźđĺđĄđŽđĺđĄđĺđĄđĺđĄđŽđĺđĺđĺđĄđźđĺđĄđźđĺđĄđŽđĺđĄđĺđĄđĺđĄđŽđĺđĺđĺđĄđźđĺđĄđźđĺđĄđŽđĺđĄđĺđĄđĺđĄđŽđĺđĺđĺđĄđźđĺđĄđźđĺđĄđŽđĺđĄđĺđĄđĺđĄđŽđĺđĺđĺđĄđźđĺđĄđźđĺđĄđŽđĺđĄđĺđĄđĺđĄđŽđĺđĺđĺđĄđźđĺđĄđźđĺđĄđŽđĺđĄđĺđĄđĺđĄđŽđĺđĺđĺđĄđźđĺđĄđźđĺđĄđŽđĺđĄđĺđĄđĺđĄđŽđĺđĺđĺđĄđźđĺđĄđźđĺđĄđŽđĺđĄđĺđĄđĺđĄđŽđĺđĺđĺđĄđźđĺđĄđźđĺđĄđŽđĺđĄđĺđĄđĺđĄđŽđĺđĺđĺđĄđźđĺđĄđźđĺđĄđŽđĺđĄđĺđĄđĺđĄđŽđĺđĺđĺđĄđźđĺđĄđźđĺđĄđŽđĺđĄđĺđĄđĺđĄđŽđĺđĺđĺđĄđźđĺđĄđźđĺđĄđŽđĺđĄđĺđĄđĺđĄđŽđĺđĺđĺđĄđźđĺđĄđźđĺđĄđŽđĺđĄđĺđĄđĺđĄđŽđĺđĺđĺđĄđźđĺđĄđźđĺđĄđŽđĺđĄđĺđĄđĺđĄđŽđĺđĺđĺđĄđźđĺđĄđźđĺđĄđŽđĺđĄđĺđĄđĺđĄđŽđĺđĺđĺđĄđźđĺđĄđźđĺđĄđŽđĺđĄđĺđĄđĺđĄđŽđĺđĺđĺđĄđźđĺđĄđźđĺđĄđŽđĺđĄđĺđĄđĺđĄđŽđĺđĺđĺđĄđźđĺđĄđźđĺđĄđŽđĺđĄđĺđĄđĺđĄđŽđĺđĺđĺđĄđźđĺđĄđźđĺđĄđŽđĺđĄđĺđĄđĺđĄđŽđĺđĺđĺđĄđźđĺđĄđźđĺđĄđŽđĺđĄđĺđĄđĺđĄđŽđĺđĺđĺđĄđźđĺđĄđźđĺđĄđŽđĺđĄđĺđĄđĺđĄđŽđĺđĺđĺđĄđźđĺđĄđźđĺđĄđŽđĺđĄđĺđĄđĺđĄđŽđĺđĺđĺđĄđźđĺđĄđźđĺđĄđŽđĺđĄđĺđĄđĺđĄđŽđĺđĺđĺđĄđźđĺđĄđźđĺđĄđŽđĺđĄđĺđĄđĺđĄđŽđĺđĺđĺđĄđźđĺđĄđźđĺđĄđŽđĺđĄđĺđĄđĺđĄđŽđĺđĺđĺđĄđźđĺđĄđźđĺđĄđŽđĺđĄđĺđĄđĺđĄđŽđĺđĺđĺđĄđźđĺđĄđźđĺđĄđŽđĺđĄđĺđĄđĺđĄđŽđĺđĺđĺđĄđźđĺđĄđźđĺđĄđŽđĺđĄđĺđĄđĺđĄđŽđĺđĺđĺđĄđźđĺđĄđźđĺđĄđŽđĺđĄđĺđĄđĺđĄđŽđĺđĺđĺđĄđźđĺđĄđźđĺđĄđŽđĺđĄđĺđĄđĺđĄđŽđĺđĺđĺđĄđźđĺđĄđźđĺđĄđŽđĺđĄđĺđĄđĺđĄđŽđĺđĺđĺđĄđźđĺđĄđźđĺđĄđŽđĺđĄđĺđĄđĺđĄđŽđĺđĺđĺđĄđźđĺđĄđźđĺđĄđŽđĺđĄđĺđĄđĺđĄđŽđĺđĺđĺđĄđźđĺđĄđźđĺđĄđŽđĺđĄđĺđĄđĺđĄđŽđĺđĺđĺđĄđźđĺđĄđźđĺđĄđŽđĺđĄđĺđĄđĺđĄđŽđĺđĺđĺđĄđźđĺđĄđźđĺđĄđŽđĺđĄđĺđĄđĺđĄđŽđĺđĺđĺđĄđźđĺđĄđźđĺđĄđŽđĺđĄđĺđĄđĺđĄđŽđĺđĺđĺđĄđźđĺđĄđźđĺđĄđŽđĺđĄđĺđĄđĺđĄđŽđĺđĺđĺđĄđźđĺđĄđźđĺđĄđŽđĺđĄđĺđĄđĺđĄđŽđĺđĺđĺđĄđźđĺđĄđźđĺđĄđŽđĺđĄđĺđĄđĺđĄđŽđĺđĺđĺđĄđźđĺđĄđźđĺđĄđŽđĺđĄđĺđĄđĺđĄđŽđĺđĺđĺđĄđźđĺđĄđźđĺđĄđŽđĺđĄđĺđĄđĺđĄđŽđĺđĺđĺđĄđźđĺđĄđźđĺđĄđŽđĺđĄđĺđĄđĺđĄđŽđĺđĺđĺđĄđźđĺđĄđźđĺđĄđŽđĺđĄđĺđĄđĺđĄđŽđĺđĺđĺđĄđźđĺđĄđźđĺđĄđŽđĺđĄđĺđĄđĺđĄđŽđĺđĺđĺđĄđźđĺđĄđźđĺđĄđŽđĺđĄđĺđĄđĺđĄđŽđĺđĺđĺđĄđźđĺđĄđźđĺđĄđŽđĺđĄđĺđĄđĺđĄđŽđĺđĺđĺđĄđźđĺđĄđźđĺđĄđŽđĺđĄđĺđĄđĺđĄđŽđĺđĺđĺđĄđźđĺđĄđźđĺđĄđŽđĺđĄđĺđĄđĺđĄđŽđĺđĺđĺđĄđźđĺđĄđźđĺđĄđŽđĺđĄđĺđĄđĺđĄđŽđĺđĺđĺđĄđźđĺđĄđźđĺđĄđŽđĺđĄđĺđĄđĺđĄđŽđĺđĺđĺđĄđźđĺđĄđźđĺđĄđŽđĺđĄđĺđĄđĺđĄđŽđĺđĺđĺđĄđźđĺđĄđźđĺđĄđŽđĺđĄđĺđĄđĺđĄđŽđĺđĺđĺđĄđźđĺđĄđźđĺđĄđŽđĺđĄđĺđĄđĺđĄđŽđĺđĺđĺđĄđźđĺđĄđźđĺđĄđŽđĺđĄđĺđĄđĺđĄđŽđĺđĺđĺđĄđźđĺđĄđźđĺđĄđŽđĺđĄđĺđĄđĺđĄđŽđĺđĺđĺđĄđźđĺđĄđźđĺđĄđŽđĺđĄđĺđĄđĺđĄđŽđĺđĺđĺđĄđźđĺđĄđźđĺđĄđŽđĺđĄđĺđĄđĺđĄđŽđĺđĺđĺđĄđźđĺđĄđźđĺđĄđŽđĺđĄđĺđĄđĺđĄđŽđĺđĺđĺđĄđźđĺđĄđźđĺđĄđŽđĺđĄđĺđĄđĺđĄđŽđĺđĺđĺđĄđźđĺđĄđźđĺđĄđŽđĺđĄđĺđĄđĺđĄđŽđĺđĺđĺđĄđźđĺđĄđźđĺđĄđŽđĺđĄđĺđĄđĺđĄđŽđĺđĺđĺđĄđźđĺđĄđźđĺđĄđŽđĺđĄđĺđĄđĺđĄđŽđĺđĺđĺđĄđźđĺđĄđźđĺđĄđŽđĺđĄđĺđĄđĺđĄđŽđĺđ╝\n\n## đŚđ░đ│đżđ╗đżđ▓đżđ║ 3	2026-03-13 12:33:25.575804	published	5	12	\N
31	đčđÁđ╗Đîđ╝đÁđŻĐî	đĽđ┤đ░ đ▒đżđ│đżđ▓ đŞ đ╗ĐâĐçĐłđÁđÁ đ▒đ╗ĐÄđ┤đż\n  đśĐüĐéđżĐÇđŞĐĆ\nđĹĐőđ╗đŞ đ▓ĐüđÁđ│đ┤đ░ đÁĐüĐéĐî đŞ đ▒Đâđ┤ĐâĐé\n  đčđÁđ╗Đîđ╝đÁđŻđŞ đ┐ĐÇđ░đ▓đ┤đ░ đŞ đ▓Đőđ╝ĐőĐüđÁđ╗	2026-03-13 12:33:54.599621	published	7	6	\N
32	đčđÁđ╗Đîđ╝đÁđŻĐî	đĽđ┤đ░ đ▒đżđ│đżđ▓ đŞ đ╗ĐâĐçĐłđÁđÁ đ▒đ╗ĐÄđ┤đż\n  đśĐüĐéđżĐÇđŞĐĆ\nđĹĐőđ╗đŞ đ▓ĐüđÁđ│đ┤đ░ đÁĐüĐéĐî đŞ đ▒Đâđ┤ĐâĐé\n  đčđÁđ╗Đîđ╝đÁđŻđŞ đ┐ĐÇđ░đ▓đ┤đ░ đŞ đ▓Đőđ╝ĐőĐüđÁđ╗	2026-03-13 12:33:54.607892	published	8	6	\N
33	đčđÁđ╗Đîđ╝đÁđŻĐî	đĽđ┤đ░ đ▒đżđ│đżđ▓ đŞ đ╗ĐâĐçĐłđÁđÁ đ▒đ╗ĐÄđ┤đż\n  đśĐüĐéđżĐÇđŞĐĆ\nđĹĐőđ╗đŞ đ▓ĐüđÁđ│đ┤đ░ đÁĐüĐéĐî đŞ đ▒Đâđ┤ĐâĐé\n  đčđÁđ╗Đîđ╝đÁđŻđŞ đ┐ĐÇđ░đ▓đ┤đ░ đŞ đ▓Đőđ╝ĐőĐüđÁđ╗	2026-03-13 12:34:01.064504	published	9	6	1
34	đôđŞđ┐đÁĐÇđ╗đŞđŻđ║đŞ	# đŚđ░đ│đżđ╗đżđ▓đżđ║ 1 ĐâĐÇđżđ▓đŻĐĆ\nđŁđ░ĐüđÁđ║đżđ╝ĐőđÁ\nđčđÁđ╗Đîđ╝đÁđŻđŞ	2026-03-13 12:35:28.782994	published	10	13	\N
35	đôđŞđ┐đÁĐÇđ╗đŞđŻđ║đŞ	# đŚđ░đ│đżđ╗đżđ▓đżđ║ 1 ĐâĐÇđżđ▓đŻĐĆ\nđŁđ░ĐüđÁđ║đżđ╝ĐőđÁ\nđčđÁđ╗Đîđ╝đÁđŻđŞ	2026-03-13 12:35:28.7907	published	11	13	\N
36	đčđÁđ╗Đîđ╝đÁđŻđŞ	đĽđ┤đ░ đ▒đżđ│đżđ▓ đŞ đ╗ĐâĐçĐłđÁđÁ đ▒đ╗ĐÄđ┤đż\n  đśĐüĐéđżĐÇđŞĐĆ\nđĹĐőđ╗đŞ đ▓ĐüđÁđ│đ┤đ░ đÁĐüĐéĐî đŞ đ▒Đâđ┤ĐâĐé\n  đčđÁđ╗Đîđ╝đÁđŻđŞ đ┐ĐÇđ░đ▓đ┤đ░ đŞ đ▓Đőđ╝ĐőĐüđÁđ╗	2026-03-13 12:35:30.682988	published	9	6	\N
37	đčđÁđ╗Đîđ╝đÁđŻđŞ	đĽđ┤đ░ đ▒đżđ│đżđ▓ đŞ đ╗ĐâĐçĐłđÁđÁ đ▒đ╗ĐÄđ┤đż\n  đśĐüĐéđżĐÇđŞĐĆ\nđĹĐőđ╗đŞ đ▓ĐüđÁđ│đ┤đ░ đÁĐüĐéĐî đŞ đ▒Đâđ┤ĐâĐé\n  đčđÁđ╗Đîđ╝đÁđŻđŞ đ┐ĐÇđ░đ▓đ┤đ░ đŞ đ▓Đőđ╝ĐőĐüđÁđ╗	2026-03-13 12:35:32.090974	published	10	6	\N
38	đŁđ░đĚđ▓đŻĐîĐćđÁ	# đčĐÇđŞđ╝đÁĐÇđŻđż Đéđ░đ║\nđĺđĺđĄđźđĺđĄđźđĺđĄđŽđĺđĄđĺđĄđĺđĄđŽđĺđĺđĺđĄđźđĺđĄđźđĺđĄđŽđĺđĄđĺđĄđĺđĄđŽđĺđĺđĺđĄđźđĺđĄđźđĺđĄđŽđĺđĄđĺđĄđĺđĄđŽđĺđĺđĺđĄđźđĺđĄđźđĺđĄđŽđĺđĄđĺđĄđĺđĄđŽđĺđĺđĺđĄđźđĺđĄđźđĺđĄđŽđĺđĄđĺđĄđĺđĄđŽđĺđĺđĺđĄđźđĺđĄđźđĺđĄđŽđĺđĄđĺđĄđĺđĄđŽđĺđĺđĺđĄđźđĺđĄđźđĺđĄđŽđĺđĄđĺđĄđĺđĄđŽđĺđĺđĺđĄđźđĺđĄđźđĺđĄđŽđĺđĄđĺđĄđĺđĄđŽđĺđĺđĺđĄđźđĺđĄđźđĺđĄđŽđĺđĄđĺđĄđĺđĄđŽđĺđĺđĺđĄđźđĺđĄđźđĺđĄđŽđĺđĄđĺđĄđĺđĄđŽđĺđĺđĺđĄđźđĺđĄđźđĺđĄđŽđĺđĄđĺđĄđĺđĄđŽđĺđĺđĺđĄđźđĺđĄđźđĺđĄđŽđĺđĄđĺđĄđĺđĄđŽđĺđĺđĺđĄđźđĺđĄđźđĺđĄđŽđĺđĄđĺđĄđĺđĄđŽđĺđĺđĺđĄđźđĺđĄđźđĺđĄđŽđĺđĄđĺđĄđĺđĄđŽđĺđĺđĺđĄđźđĺđĄđźđĺđĄđŽđĺđĄđĺđĄđĺđĄđŽđĺđĺđĺđĄđźđĺđĄđźđĺđĄđŽđĺđĄđĺđĄđĺđĄđŽđĺđĺđĺđĄđźđĺđĄđźđĺđĄđŽđĺđĄđĺđĄđĺđĄđŽđĺđĺđĺđĄđźđĺđĄđźđĺđĄđŽđĺđĄđĺđĄđĺđĄđŽđĺđĺđĺđĄđźđĺđĄđźđĺđĄđŽđĺđĄđĺđĄđĺđĄđŽđĺđĺđĺđĄđźđĺđĄđźđĺđĄđŽđĺđĄđĺđĄđĺđĄđŽđĺđĺđĺđĄđźđĺđĄđźđĺđĄđŽđĺđĄđĺđĄđĺđĄđŽđĺđĺđĺđĄđźđĺđĄđźđĺđĄđŽđĺđĄđĺđĄđĺđĄđŽđĺ\n## 2 đŚđ░đ│đżđ╗đżđ▓đżđ║\n\nđĺđĺđĄđźđĺđĄđźđĺđĄđŽđĺđĄđĺđĄđĺđĄđŽđĺđĺđĺđĄđźđĺđĄđźđĺđĄđŽđĺđĄđĺđĄđĺđĄđŽđĺđĺđĺđĄđźđĺđĄđźđĺđĄđŽđĺđĄđĺđĄđĺđĄđŽđĺđĺđĺđĄđźđĺđĄđźđĺđĄđŽđĺđĄđĺđĄđĺđĄđŽđĺđĺđĺđĄđźđĺđĄđźđĺđĄđŽđĺđĄđĺđĄđĺđĄđŽđĺđĺđĺđĄđźđĺđĄđźđĺđĄđŽđĺđĄđĺđĄđĺđĄđŽđĺđĺđĺđĄđźđĺđĄđźđĺđĄđŽđĺđĄđĺđĄđĺđĄđŽđĺđĺđĺđĄđźđĺđĄđźđĺđĄđŽđĺđĄđĺđĄđĺđĄđŽđĺđĺđĺđĄđźđĺđĄđźđĺđĄđŽđĺđĄđĺđĄđĺđĄđŽđĺđĺđĺđĄđźđĺđĄđźđĺđĄđŽđĺđĄđĺđĄđĺđĄđŽđĺđĺđĺđĄđźđĺđĄđźđĺđĄđŽđĺđĄđĺđĄđĺđĄđŽđĺđĺđĺđĄđźđĺđĄđźđĺđĄđŽđĺđĄđĺđĄđĺđĄđŽđĺđĺđĺđĄđźđĺđĄđźđĺđĄđŽđĺđĄđĺđĄđĺđĄđŽđĺđĺđĺđĄđźđĺđĄđźđĺđĄđŽđĺđĄđĺđĄđĺđĄđŽđĺđĺđĺđĄđźđĺđĄđźđĺđĄđŽđĺđĄđĺđĄđĺđĄđŽđĺđĺđĺđĄđźđĺđĄđźđĺđĄđŽđĺđĄđĺđĄđĺđĄđŽđĺđĺđĺđĄđźđĺđĄđźđĺđĄđŽđĺđĄđĺđĄđĺđĄđŽđĺđĺđĺđĄđźđĺđĄđźđĺđĄđŽđĺđĄđĺđĄđĺđĄđŽđĺđĺđĺđĄđźđĺđĄđźđĺđĄđŽđĺđĄđĺđĄđĺđĄđŽđĺđĺđĺđĄđźđĺđĄđźđĺđĄđŽđĺđĄđĺđĄđĺđĄđŽđĺđĺđĺđĄđźđĺđĄđźđĺđĄđŽđĺđĄđĺđĄđĺđĄđŽđĺđĺđĺđĄđźđĺđĄđźđĺđĄđŽđĺđĄđĺđĄđĺđĄđŽđĺđĺđĺđĄđźđĺđĄđźđĺđĄđŽđĺđĄđĺđĄđĺđĄđŽđĺđĺđĺđĄđźđĺđĄđźđĺđĄđŽđĺđĄđĺđĄđĺđĄđŽđĺđĺđĺđĄđźđĺđĄđźđĺđĄđŽđĺđĄđĺđĄđĺđĄđŽđĺđĺđĺđĄđźđĺđĄđźđĺđĄđŽđĺđĄđĺđĄđĺđĄđŽđĺđĺđĺđĄđźđĺđĄđźđĺđĄđŽđĺđĄđĺđĄđĺđĄđŽđĺđĺđĺđĄđźđĺđĄđźđĺđĄđŽđĺđĄđĺđĄđĺđĄđŽđĺđĺđĺđĄđźđĺđĄđźđĺđĄđŽđĺđĄđĺđĄđĺđĄđŽđĺđĺđĺđĄđźđĺđĄđźđĺđĄđŽđĺđĄđĺđĄđĺđĄđŽđĺđĺđĺđĄđźđĺđĄđźđĺđĄđŽđĺđĄđĺđĄđĺđĄđŽđĺđĺđĺđĄđźđĺđĄđźđĺđĄđŽđĺđĄđĺđĄđĺđĄđŽđĺđĺđĺđĄđźđĺđĄđźđĺđĄđŽđĺđĄđĺđĄđĺđĄđŽđĺđĺđĺđĄđźđĺđĄđźđĺđĄđŽđĺđĄđĺđĄđĺđĄđŽđĺđĺđĺđĄđźđĺđĄđźđĺđĄđŽđĺđĄđĺđĄđĺđĄđŽđĺđĺđĺđĄđźđĺđĄđźđĺđĄđŽđĺđĄđĺđĄđĺđĄđŽđĺđĺđĺđĄđźđĺđĄđźđĺđĄđŽđĺđĄđĺđĄđĺđĄđŽđĺđĺđĺđĄđźđĺđĄđźđĺđĄđŽđĺđĄđĺđĄđĺđĄđŽđĺđĺđĺđĄđźđĺđĄđźđĺđĄđŽđĺđĄđĺđĄđĺđĄđŽđĺđĺđĺđĄđźđĺđĄđźđĺđĄđŽđĺđĄđĺđĄđĺđĄđŽđĺđĺđĺđĄđźđĺđĄđźđĺđĄđŽđĺđĄđĺđĄđĺđĄđŽđĺđĺđĺđĄđźđĺđĄđźđĺđĄđŽđĺđĄđĺđĄđĺđĄđŽđĺđĺđĺđĄđźđĺđĄđźđĺđĄđŽđĺđĄđĺđĄđĺđĄđŽđĺđĺđĺđĄđźđĺđĄđźđĺđĄđŽđĺđĄđĺđĄđĺđĄđŽđĺđĺđĺđĄđźđĺđĄđźđĺđĄđŽđĺđĄđĺđĄđĺđĄđŽđĺđĺđĺđĄđźđĺđĄđźđĺđĄđŽđĺđĄđĺđĄđĺđĄđŽđĺđĺđĺđĄđźđĺđĄđźđĺđĄđŽđĺđĄđĺđĄđĺđĄđŽđĺđĺđĺđĄđźđĺđĄđźđĺđĄđŽđĺđĄđĺđĄđĺđĄđŽđĺđĺđĺđĄđźđĺđĄđźđĺđĄđŽđĺđĄđĺđĄđĺđĄđŽđĺđĺđĺđĄđźđĺđĄđźđĺđĄđŽđĺđĄđĺđĄđĺđĄđŽđĺđĺđĺđĄđźđĺđĄđźđĺđĄđŽđĺđĄđĺđĄđĺđĄđŽđĺđĺđĺđĄđźđĺđĄđźđĺđĄđŽđĺđĄđĺđĄđĺđĄđŽđĺđĺđĺđĄđźđĺđĄđźđĺđĄđŽđĺđĄđĺđĄđĺđĄđŽđĺđĺđĺđĄđźđĺđĄđźđĺđĄđŽđĺđĄđĺđĄđĺđĄđŽđĺđĺđĺđĄđźđĺđĄđźđĺđĄđŽđĺđĄđĺđĄđĺđĄđŽđĺđĺđĺđĄđźđĺđĄđźđĺđĄđŽđĺđĄđĺđĄđĺđĄđŽđĺđĺđĺđĄđźđĺđĄđźđĺđĄđŽđĺđĄđĺđĄđĺđĄđŽđĺđĺđĺđĄđźđĺđĄđźđĺđĄđŽđĺđĄđĺđĄđĺđĄđŽđĺđĺđĺđĄđźđĺđĄđźđĺđĄđŽđĺđĄđĺđĄđĺđĄđŽđĺđĺđĺđĄđźđĺđĄđźđĺđĄđŽđĺđĄđĺđĄđĺđĄđŽđĺđĺđĺđĄđźđĺđĄđźđĺđĄđŽđĺđĄđĺđĄđĺđĄđŽđĺđĺđĺđĄđźđĺđĄđźđĺđĄđŽđĺđĄđĺđĄđĺđĄđŽđĺđĺđĺđĄđźđĺđĄđźđĺđĄđŽđĺđĄđĺđĄđĺđĄđŽđĺđĺđĺđĄđźđĺđĄđźđĺđĄđŽđĺđĄđĺđĄđĺđĄđŽđĺđĺđĺđĄđźđĺđĄđźđĺđĄđŽđĺđĄđĺđĄđĺđĄđŽđĺđĺđĺđĄđźđĺđĄđźđĺđĄđŽđĺđĄđĺđĄđĺđĄđŽđĺđĺđĺđĄđźđĺđĄđźđĺđĄđŽđĺđĄđĺđĄđĺđĄđŽđĺđĺđĺđĄđźđĺđĄđźđĺđĄđŽđĺđĄđĺđĄđĺđĄđŽđĺđĺđĺđĄđźđĺđĄđźđĺđĄđŽđĺđĄđĺđĄđĺđĄđŽđĺđĺđĺđĄđźđĺđĄđźđĺđĄđŽđĺđĄđĺđĄđĺđĄđŽđĺđĺđĺđĄđźđĺđĄđźđĺđĄđŽđĺđĄđĺđĄđĺđĄđŽđĺđĺđĺđĄđźđĺđĄđźđĺđĄđŽđĺđĄđĺđĄđĺđĄđŽđĺđĺđĺđĄđźđĺđĄđźđĺđĄđŽđĺđĄđĺđĄđĺđĄđŽđĺđĺđĺđĄđźđĺđĄđźđĺđĄđŽđĺđĄđĺđĄđĺđĄđŽđĺđĺđĺđĄđźđĺđĄđźđĺđĄđŽđĺđĄđĺđĄđĺđĄđŽđĺđĺđĺđĄđźđĺđĄđźđĺđĄđŽđĺđĄđĺđĄđĺđĄđŽđĺđĺđĺđĄđźđĺđĄđźđĺđĄđŽđĺđĄđĺđĄđĺđĄđŽđĺđĺđĺđĄđźđĺđĄđźđĺđĄđŽđĺđĄđĺđĄđĺđĄđŽđĺđĺđĺđĄđźđĺđĄđźđĺđĄđŽđĺđĄđĺđĄđĺđĄđŽđĺđĺđĺđĄđźđĺđĄđźđĺđĄđŽđĺđĄđĺđĄđĺđĄđŽđĺđĺđĺđĄđźđĺđĄđźđĺđĄđŽđĺđĄđĺđĄđĺđĄđŽđĺđĺđĺđĄđźđĺđĄđźđĺđĄđŽđĺđĄđĺđĄđĺđĄđŽđĺđĺđĺđĄđźđĺđĄđźđĺđĄđŽđĺđĄđĺđĄđĺđĄđŽđĺđĺđĺđĄđźđĺđĄđźđĺđĄđŽđĺđĄđĺđĄđĺđĄđŽđĺđĺđĺđĄđźđĺđĄđźđĺđĄđŽđĺđĄđĺđĄđĺđĄđŽđĺđĺđĺđĄđźđĺđĄđźđĺđĄđŽđĺđĄđĺđĄđĺđĄđŽđĺđĺđĺđĄđźđĺđĄđźđĺđĄđŽđĺđĄđĺđĄđĺđĄđŽđĺđĺđĺđĄđźđĺđĄđźđĺđĄđŽđĺđĄđĺđĄđĺđĄđŽđĺđĺđĺđĄđźđĺđĄđźđĺđĄđŽđĺđĄđĺđĄđĺđĄđŽđĺđĺđĺđĄđźđĺđĄđźđĺđĄđŽđĺđĄđĺđĄđĺđĄđŽđĺđĺđĺđĄđźđĺđĄđźđĺđĄđŽđĺđĄđĺđĄđĺđĄđŽđĺđĺđĺđĄđźđĺđĄđźđĺđĄđŽđĺđĄđĺđĄđĺđĄđŽđĺđĺđĺđĄđźđĺđĄđźđĺđĄđŽđĺđĄđĺđĄđĺđĄđŽđĺđĺđĺđĄđźđĺđĄđźđĺđĄđŽđĺđĄđĺđĄđĺđĄđŽđĺđĺđĺđĄđźđĺđĄđźđĺđĄđŽđĺđĄđĺđĄđĺđĄđŽđĺđĺđĺđĄđźđĺđĄđźđĺđĄđŽđĺđĄđĺđĄđĺđĄđŽđĺđĺđĺđĄđźđĺđĄđźđĺđĄđŽđĺđĄđĺđĄđĺđĄđŽđĺđĺđĺđĄđźđĺđĄđźđĺđĄđŽđĺđĄđĺđĄđĺđĄđŽđĺđĺđĺđĄđźđĺđĄđźđĺđĄđŽđĺđĄđĺđĄđĺđĄđŽđĺđĺđĺđĄđźđĺđĄđźđĺđĄđŽđĺđĄđĺđĄđĺđĄđŽđĺđĺđĺđĄđźđĺđĄđźđĺđĄđŽđĺđĄđĺđĄđĺđĄđŽđĺđĺđĺđĄđźđĺđĄđźđĺđĄđŽđĺđĄđĺđĄđĺđĄđŽđĺđĺđĺđĄđźđĺđĄđźđĺđĄđŽđĺđĄđĺđĄđĺđĄđŽđĺđĺđĺđĄđźđĺđĄđźđĺđĄđŽđĺđĄđĺđĄđĺđĄđŽđĺđĺđĺđĄđźđĺđĄđźđĺđĄđŽđĺđĄđĺđĄđĺđĄđŽđĺđĺđĺđĄđźđĺđĄđźđĺđĄđŽđĺđĄđĺđĄđĺđĄđŽđĺđĺđĺđĄđźđĺđĄđźđĺđĄđŽđĺđĄđĺđĄđĺđĄđŽđĺđĺđĺđĄđźđĺđĄđźđĺđĄđŽđĺđĄđĺđĄđĺđĄđŽđĺđĺđĺđĄđźđĺđĄđźđĺđĄđŽđĺđĄđĺđĄđĺđĄđŽđĺđĺđĺđĄđźđĺđĄđźđĺđĄđŽđĺđĄđĺđĄđĺđĄđŽđĺđĺđĺđĄđźđĺđĄđźđĺđĄđŽđĺđĄđĺđĄđĺđĄđŽđĺđĺđĺđĄđźđĺđĄđźđĺđĄđŽđĺđĄđĺđĄđĺđĄđŽđĺđĺđĺđĄđźđĺđĄđźđĺđĄđŽđĺđĄđĺđĄđĺđĄđŽđĺđĺđĺđĄđźđĺđĄđźđĺđĄđŽđĺđĄđĺđĄđĺđĄđŽđĺđĺđĺđĄđźđĺđĄđźđĺđĄđŽđĺđĄđĺđĄđĺđĄđŽđĺđĺđĺđĄđźđĺđĄđźđĺđĄđŽđĺđĄđĺđĄđĺđĄđŽđĺđĺđĺđĄđźđĺđĄđźđĺđĄđŽđĺđĄđĺđĄđĺđĄđŽđĺđĺđĺđĄđźđĺđĄđźđĺđĄđŽđĺđĄđĺđĄđĺđĄđŽđĺđĺđĺđĄđźđĺđĄđźđĺđĄđŽđĺđĄđĺđĄđĺđĄđŽđĺđĺđĺđĄđźđĺđĄđźđĺđĄđŽđĺđĄđĺđĄđĺđĄđŽđĺđĺđĺđĄđźđĺđĄđźđĺđĄđŽđĺđĄđĺđĄđĺđĄđŽđĺđĺđĺđĄđźđĺđĄđźđĺđĄđŽđĺđĄđĺđĄđĺđĄđŽđĺđĺđĺđĄđźđĺđĄđźđĺđĄđŽđĺđĄđĺđĄđĺđĄđŽđĺđĺđĺđĄđźđĺđĄđźđĺđĄđŽđĺđĄđĺđĄđĺđĄđŽđĺđĺđĺđĄđźđĺđĄđźđĺđĄđŽđĺđĄđĺđĄđĺđĄđŽđĺđĺđĺđĄđźđĺđĄđźđĺđĄđŽđĺđĄđĺđĄđĺđĄđŽđĺđĺđĺđĄđźđĺđĄđźđĺđĄđŽđĺđĄđĺđĄđĺđĄđŽđĺđĺđĺđĄđźđĺđĄđźđĺđĄđŽđĺđĄđĺđĄđĺđĄđŽđĺđĺđĺđĄđźđĺđĄđźđĺđĄđŽđĺđĄđĺđĄđĺđĄđŽđĺđĺđĺđĄđźđĺđĄđźđĺđĄđŽđĺđĄđĺđĄđĺđĄđŽđĺđĺđĺđĄđźđĺđĄđźđĺđĄđŽđĺđĄđĺđĄđĺđĄđŽđĺđĺđĺđĄđźđĺđĄđźđĺđĄđŽđĺđĄđĺđĄđĺđĄđŽđĺđĺđĺđĄđźđĺđĄđźđĺđĄđŽđĺđĄđĺđĄđĺđĄđŽđĺđĺđĺđĄđźđĺđĄđźđĺđĄđŽđĺđĄđĺđĄđĺđĄđŽđĺđĺđĺđĄđźđĺđĄđźđĺđĄđŽđĺđĄđĺđĄđĺđĄđŽđĺđĺđĺđĄđźđĺđĄđźđĺđĄđŽđĺđĄđĺđĄđĺđĄđŽđĺđĺđĺđĄđźđĺđĄđźđĺđĄđŽđĺđĄđĺđĄđĺđĄđŽđĺđĺđĺđĄđźđĺđĄđźđĺđĄđŽđĺđĄđĺđĄđĺđĄđŽđĺđĺđĺđĄđźđĺđĄđźđĺđĄđŽđĺđĄđĺđĄđĺđĄđŽđĺđĺđĺđĄđźđĺđĄđźđĺđĄđŽđĺđĄđĺđĄđĺđĄđŽđĺđĺđĺđĄđźđĺđĄđźđĺđĄđŽđĺđĄđĺđĄđĺđĄđŽđĺđĺđĺđĄđźđĺđĄđźđĺđĄđŽđĺđĄđĺđĄđĺđĄđŽđĺđĺđĺđĄđźđĺđĄđźđĺđĄđŽđĺđĄđĺđĄđĺđĄđŽđĺđĺđĺđĄđźđĺđĄđźđĺđĄđŽđĺđĄđĺđĄđĺđĄđŽđĺđĺđĺđĄđźđĺđĄđźđĺđĄđŽđĺđĄđĺđĄđĺđĄđŽđĺđĺđĺđĄđźđĺđĄđźđĺđĄđŽđĺđĄđĺđĄđĺđĄđŽđĺđĺđĺđĄđźđĺđĄđźđĺđĄđŽđĺđĄđĺđĄđĺđĄđŽđĺđĺđĺđĄđźđĺđĄđźđĺđĄđŽđĺđĄđĺđĄđĺđĄđŽđĺđĺđĺđĄđźđĺđĄđźđĺđĄđŽđĺđĄđĺđĄđĺđĄđŽđĺđĺđĺđĄđźđĺđĄđźđĺđĄđŽđĺđĄđĺđĄđĺđĄđŽđĺđĺđĺđĄđźđĺđĄđźđĺđĄđŽđĺđĄđĺđĄđĺđĄđŽđĺđĺđĺđĄđźđĺđĄđźđĺđĄđŽđĺđĄđĺđĄđĺđĄđŽđĺđĺđĺđĄđźđĺđĄđźđĺđĄđŽđĺđĄđĺđĄđĺđĄđŽđĺđĺđĺđĄđźđĺđĄđźđĺđĄđŽđĺđĄđĺđĄđĺđĄđŽđĺđĺđĺđĄđźđĺđĄđźđĺđĄđŽđĺđĄđĺđĄđĺđĄđŽđĺđĺđĺđĄđźđĺđĄđźđĺđĄđŽđĺđĄđĺđĄđĺđĄđŽđĺđĺđĺđĄđźđĺđĄđźđĺđĄđŽđĺđĄđĺđĄđĺđĄđŽđĺđĺđĺđĄđźđĺđĄđźđĺđĄđŽđĺđĄđĺđĄđĺđĄđŽđĺđĺđĺđĄđźđĺđĄđźđĺđĄđŽđĺđĄđĺđĄđĺđĄđŽđĺđĺđĺđĄđźđĺđĄđźđĺđĄđŽđĺđĄđĺđĄđĺđĄđŽđĺđĺđĺđĄđźđĺđĄđźđĺđĄđŽđĺđĄđĺđĄđĺđĄđŽđĺđĺđĺđĄđźđĺđĄđźđĺđĄđŽđĺđĄđĺđĄđĺđĄđŽđĺđĺđĺđĄđźđĺđĄđźđĺđĄđŽđĺđĄđĺđĄđĺđĄđŽđĺđĺđĺđĄđźđĺđĄđźđĺđĄđŽđĺđĄđĺđĄđĺđĄđŽđĺđĺđĺđĄđźđĺđĄđźđĺđĄđŽđĺđĄđĺđĄđĺđĄđŽđĺđĺđĺđĄđźđĺđĄđźđĺđĄđŽđĺđĄđĺđĄđĺđĄđŽđĺđĺđĺđĄđźđĺđĄđźđĺđĄđŽđĺđĄđĺđĄđĺđĄđŽđĺđĺđĺđĄđźđĺđĄđźđĺđĄđŽđĺđĄđĺđĄđĺđĄđŽđĺđĺđĺđĄđźđĺđĄđźđĺđĄđŽđĺđĄđĺđĄđĺđĄđŽđĺđĺđĺđĄđźđĺđĄđźđĺđĄđŽđĺđĄđĺđĄđĺđĄđŽđĺđĺđĺđĄđźđĺđĄđźđĺđĄđŽđĺđĄđĺđĄđĺđĄđŽđĺđĺđĺđĄđźđĺđĄđźđĺđĄđŽđĺđĄđĺđĄđĺđĄđŽđĺđĺđĺđĄđźđĺđĄđźđĺđĄđŽđĺđĄđĺđĄđĺđĄđŽđĺđĺđĺđĄđźđĺđĄđźđĺđĄđŽđĺđĄđĺđĄđĺđĄđŽđĺđĺđĺđĄđźđĺđĄđźđĺđĄđŽđĺđĄđĺđĄđĺđĄđŽđĺđĺđĺđĄđźđĺđĄđźđĺđĄđŽđĺđĄđĺđĄđĺđĄđŽđĺđ╝\n\n## đŚđ░đ│đżđ╗đżđ▓đżđ║ 3	2026-03-13 12:35:33.97493	published	6	12	\N
39	đŁđ░đĚđ▓đŻĐîĐćđÁ	# đčĐÇđŞđ╝đÁĐÇđŻđż Đéđ░đ║\nđĺđĺđĄđźđĺđĄđźđĺđĄđŽđĺđĄđĺđĄđĺđĄđŽđĺđĺđĺđĄđźđĺđĄđźđĺđĄđŽđĺđĄđĺđĄđĺđĄđŽđĺđĺđĺđĄđźđĺđĄđźđĺđĄđŽđĺđĄđĺđĄđĺđĄđŽđĺđĺđĺđĄđźđĺđĄđźđĺđĄđŽđĺđĄđĺđĄđĺđĄđŽđĺđĺđĺđĄđźđĺđĄđźđĺđĄđŽđĺđĄđĺđĄđĺđĄđŽđĺđĺđĺđĄđźđĺđĄđźđĺđĄđŽđĺđĄđĺđĄđĺđĄđŽđĺđĺđĺđĄđźđĺđĄđźđĺđĄđŽđĺđĄđĺđĄđĺđĄđŽđĺđĺđĺđĄđźđĺđĄđźđĺđĄđŽđĺđĄđĺđĄđĺđĄđŽđĺđĺđĺđĄđźđĺđĄđźđĺđĄđŽđĺđĄđĺđĄđĺđĄđŽđĺđĺđĺđĄđźđĺđĄđźđĺđĄđŽđĺđĄđĺđĄđĺđĄđŽđĺđĺđĺđĄđźđĺđĄđźđĺđĄđŽđĺđĄđĺđĄđĺđĄđŽđĺđĺđĺđĄđźđĺđĄđźđĺđĄđŽđĺđĄđĺđĄđĺđĄđŽđĺđĺđĺđĄđźđĺđĄđźđĺđĄđŽđĺđĄđĺđĄđĺđĄđŽđĺđĺđĺđĄđźđĺđĄđźđĺđĄđŽđĺđĄđĺđĄđĺđĄđŽđĺđĺđĺđĄđźđĺđĄđźđĺđĄđŽđĺđĄđĺđĄđĺđĄđŽđĺđĺđĺđĄđźđĺđĄđźđĺđĄđŽđĺđĄđĺđĄđĺđĄđŽđĺđĺđĺđĄđźđĺđĄđźđĺđĄđŽđĺđĄđĺđĄđĺđĄđŽđĺđĺđĺđĄđźđĺđĄđźđĺđĄđŽđĺđĄđĺđĄđĺđĄđŽđĺđĺđĺđĄđźđĺđĄđźđĺđĄđŽđĺđĄđĺđĄđĺđĄđŽđĺđĺđĺđĄđźđĺđĄđźđĺđĄđŽđĺđĄđĺđĄđĺđĄđŽđĺđĺđĺđĄđźđĺđĄđźđĺđĄđŽđĺđĄđĺđĄđĺđĄđŽđĺđĺđĺđĄđźđĺđĄđźđĺđĄđŽđĺđĄđĺđĄđĺđĄđŽđĺ\n## 2 đŚđ░đ│đżđ╗đżđ▓đżđ║\n\nđĺđĺđĄđźđĺđĄđźđĺđĄđŽđĺđĄđĺđĄđĺđĄđŽđĺđĺđĺđĄđźđĺđĄđźđĺđĄđŽđĺđĄđĺđĄđĺđĄđŽđĺđĺđĺđĄđźđĺđĄđźđĺđĄđŽđĺđĄđĺđĄđĺđĄđŽđĺđĺđĺđĄđźđĺđĄđźđĺđĄđŽđĺđĄđĺđĄđĺđĄđŽđĺđĺđĺđĄđźđĺđĄđźđĺđĄđŽđĺđĄđĺđĄđĺđĄđŽđĺđĺđĺđĄđźđĺđĄđźđĺđĄđŽđĺđĄđĺđĄđĺđĄđŽđĺđĺđĺđĄđźđĺđĄđźđĺđĄđŽđĺđĄđĺđĄđĺđĄđŽđĺđĺđĺđĄđźđĺđĄđźđĺđĄđŽđĺđĄđĺđĄđĺđĄđŽđĺđĺđĺđĄđźđĺđĄđźđĺđĄđŽđĺđĄđĺđĄđĺđĄđŽđĺđĺđĺđĄđźđĺđĄđźđĺđĄđŽđĺđĄđĺđĄđĺđĄđŽđĺđĺđĺđĄđźđĺđĄđźđĺđĄđŽđĺđĄđĺđĄđĺđĄđŽđĺđĺđĺđĄđźđĺđĄđźđĺđĄđŽđĺđĄđĺđĄđĺđĄđŽđĺđĺđĺđĄđźđĺđĄđźđĺđĄđŽđĺđĄđĺđĄđĺđĄđŽđĺđĺđĺđĄđźđĺđĄđźđĺđĄđŽđĺđĄđĺđĄđĺđĄđŽđĺđĺđĺđĄđźđĺđĄđźđĺđĄđŽđĺđĄđĺđĄđĺđĄđŽđĺđĺđĺđĄđźđĺđĄđźđĺđĄđŽđĺđĄđĺđĄđĺđĄđŽđĺđĺđĺđĄđźđĺđĄđźđĺđĄđŽđĺđĄđĺđĄđĺđĄđŽđĺđĺđĺđĄđźđĺđĄđźđĺđĄđŽđĺđĄđĺđĄđĺđĄđŽđĺđĺđĺđĄđźđĺđĄđźđĺđĄđŽđĺđĄđĺđĄđĺđĄđŽđĺđĺđĺđĄđźđĺđĄđźđĺđĄđŽđĺđĄđĺđĄđĺđĄđŽđĺđĺđĺđĄđźđĺđĄđźđĺđĄđŽđĺđĄđĺđĄđĺđĄđŽđĺđĺđĺđĄđźđĺđĄđźđĺđĄđŽđĺđĄđĺđĄđĺđĄđŽđĺđĺđĺđĄđźđĺđĄđźđĺđĄđŽđĺđĄđĺđĄđĺđĄđŽđĺđĺđĺđĄđźđĺđĄđźđĺđĄđŽđĺđĄđĺđĄđĺđĄđŽđĺđĺđĺđĄđźđĺđĄđźđĺđĄđŽđĺđĄđĺđĄđĺđĄđŽđĺđĺđĺđĄđźđĺđĄđźđĺđĄđŽđĺđĄđĺđĄđĺđĄđŽđĺđĺđĺđĄđźđĺđĄđźđĺđĄđŽđĺđĄđĺđĄđĺđĄđŽđĺđĺđĺđĄđźđĺđĄđźđĺđĄđŽđĺđĄđĺđĄđĺđĄđŽđĺđĺđĺđĄđźđĺđĄđźđĺđĄđŽđĺđĄđĺđĄđĺđĄđŽđĺđĺđĺđĄđźđĺđĄđźđĺđĄđŽđĺđĄđĺđĄđĺđĄđŽđĺđĺđĺđĄđźđĺđĄđźđĺđĄđŽđĺđĄđĺđĄđĺđĄđŽđĺđĺđĺđĄđźđĺđĄđźđĺđĄđŽđĺđĄđĺđĄđĺđĄđŽđĺđĺđĺđĄđźđĺđĄđźđĺđĄđŽđĺđĄđĺđĄđĺđĄđŽđĺđĺđĺđĄđźđĺđĄđźđĺđĄđŽđĺđĄđĺđĄđĺđĄđŽđĺđĺđĺđĄđźđĺđĄđźđĺđĄđŽđĺđĄđĺđĄđĺđĄđŽđĺđĺđĺđĄđźđĺđĄđźđĺđĄđŽđĺđĄđĺđĄđĺđĄđŽđĺđĺđĺđĄđźđĺđĄđźđĺđĄđŽđĺđĄđĺđĄđĺđĄđŽđĺđĺđĺđĄđźđĺđĄđźđĺđĄđŽđĺđĄđĺđĄđĺđĄđŽđĺđĺđĺđĄđźđĺđĄđźđĺđĄđŽđĺđĄđĺđĄđĺđĄđŽđĺđĺđĺđĄđźđĺđĄđźđĺđĄđŽđĺđĄđĺđĄđĺđĄđŽđĺđĺđĺđĄđźđĺđĄđźđĺđĄđŽđĺđĄđĺđĄđĺđĄđŽđĺđĺđĺđĄđźđĺđĄđźđĺđĄđŽđĺđĄđĺđĄđĺđĄđŽđĺđĺđĺđĄđźđĺđĄđźđĺđĄđŽđĺđĄđĺđĄđĺđĄđŽđĺđĺđĺđĄđźđĺđĄđźđĺđĄđŽđĺđĄđĺđĄđĺđĄđŽđĺđĺđĺđĄđźđĺđĄđźđĺđĄđŽđĺđĄđĺđĄđĺđĄđŽđĺđĺđĺđĄđźđĺđĄđźđĺđĄđŽđĺđĄđĺđĄđĺđĄđŽđĺđĺđĺđĄđźđĺđĄđźđĺđĄđŽđĺđĄđĺđĄđĺđĄđŽđĺđĺđĺđĄđźđĺđĄđźđĺđĄđŽđĺđĄđĺđĄđĺđĄđŽđĺđĺđĺđĄđźđĺđĄđźđĺđĄđŽđĺđĄđĺđĄđĺđĄđŽđĺđĺđĺđĄđźđĺđĄđźđĺđĄđŽđĺđĄđĺđĄđĺđĄđŽđĺđĺđĺđĄđźđĺđĄđźđĺđĄđŽđĺđĄđĺđĄđĺđĄđŽđĺđĺđĺđĄđźđĺđĄđźđĺđĄđŽđĺđĄđĺđĄđĺđĄđŽđĺđĺđĺđĄđźđĺđĄđźđĺđĄđŽđĺđĄđĺđĄđĺđĄđŽđĺđĺđĺđĄđźđĺđĄđźđĺđĄđŽđĺđĄđĺđĄđĺđĄđŽđĺđĺđĺđĄđźđĺđĄđźđĺđĄđŽđĺđĄđĺđĄđĺđĄđŽđĺđĺđĺđĄđźđĺđĄđźđĺđĄđŽđĺđĄđĺđĄđĺđĄđŽđĺđĺđĺđĄđźđĺđĄđźđĺđĄđŽđĺđĄđĺđĄđĺđĄđŽđĺđĺđĺđĄđźđĺđĄđźđĺđĄđŽđĺđĄđĺđĄđĺđĄđŽđĺđĺđĺđĄđźđĺđĄđźđĺđĄđŽđĺđĄđĺđĄđĺđĄđŽđĺđĺđĺđĄđźđĺđĄđźđĺđĄđŽđĺđĄđĺđĄđĺđĄđŽđĺđĺđĺđĄđźđĺđĄđźđĺđĄđŽđĺđĄđĺđĄđĺđĄđŽđĺđĺđĺđĄđźđĺđĄđźđĺđĄđŽđĺđĄđĺđĄđĺđĄđŽđĺđĺđĺđĄđźđĺđĄđźđĺđĄđŽđĺđĄđĺđĄđĺđĄđŽđĺđĺđĺđĄđźđĺđĄđźđĺđĄđŽđĺđĄđĺđĄđĺđĄđŽđĺđĺđĺđĄđźđĺđĄđźđĺđĄđŽđĺđĄđĺđĄđĺđĄđŽđĺđĺđĺđĄđźđĺđĄđźđĺđĄđŽđĺđĄđĺđĄđĺđĄđŽđĺđĺđĺđĄđźđĺđĄđźđĺđĄđŽđĺđĄđĺđĄđĺđĄđŽđĺđĺđĺđĄđźđĺđĄđźđĺđĄđŽđĺđĄđĺđĄđĺđĄđŽđĺđĺđĺđĄđźđĺđĄđźđĺđĄđŽđĺđĄđĺđĄđĺđĄđŽđĺđĺđĺđĄđźđĺđĄđźđĺđĄđŽđĺđĄđĺđĄđĺđĄđŽđĺđĺđĺđĄđźđĺđĄđźđĺđĄđŽđĺđĄđĺđĄđĺđĄđŽđĺđĺđĺđĄđźđĺđĄđźđĺđĄđŽđĺđĄđĺđĄđĺđĄđŽđĺđĺđĺđĄđźđĺđĄđźđĺđĄđŽđĺđĄđĺđĄđĺđĄđŽđĺđĺđĺđĄđźđĺđĄđźđĺđĄđŽđĺđĄđĺđĄđĺđĄđŽđĺđĺđĺđĄđźđĺđĄđźđĺđĄđŽđĺđĄđĺđĄđĺđĄđŽđĺđĺđĺđĄđźđĺđĄđźđĺđĄđŽđĺđĄđĺđĄđĺđĄđŽđĺđĺđĺđĄđźđĺđĄđźđĺđĄđŽđĺđĄđĺđĄđĺđĄđŽđĺđĺđĺđĄđźđĺđĄđźđĺđĄđŽđĺđĄđĺđĄđĺđĄđŽđĺđĺđĺđĄđźđĺđĄđźđĺđĄđŽđĺđĄđĺđĄđĺđĄđŽđĺđĺđĺđĄđźđĺđĄđźđĺđĄđŽđĺđĄđĺđĄđĺđĄđŽđĺđĺđĺđĄđźđĺđĄđźđĺđĄđŽđĺđĄđĺđĄđĺđĄđŽđĺđĺđĺđĄđźđĺđĄđźđĺđĄđŽđĺđĄđĺđĄđĺđĄđŽđĺđĺđĺđĄđźđĺđĄđźđĺđĄđŽđĺđĄđĺđĄđĺđĄđŽđĺđĺđĺđĄđźđĺđĄđźđĺđĄđŽđĺđĄđĺđĄđĺđĄđŽđĺđĺđĺđĄđźđĺđĄđźđĺđĄđŽđĺđĄđĺđĄđĺđĄđŽđĺđĺđĺđĄđźđĺđĄđźđĺđĄđŽđĺđĄđĺđĄđĺđĄđŽđĺđĺđĺđĄđźđĺđĄđźđĺđĄđŽđĺđĄđĺđĄđĺđĄđŽđĺđĺđĺđĄđźđĺđĄđźđĺđĄđŽđĺđĄđĺđĄđĺđĄđŽđĺđĺđĺđĄđźđĺđĄđźđĺđĄđŽđĺđĄđĺđĄđĺđĄđŽđĺđĺđĺđĄđźđĺđĄđźđĺđĄđŽđĺđĄđĺđĄđĺđĄđŽđĺđĺđĺđĄđźđĺđĄđźđĺđĄđŽđĺđĄđĺđĄđĺđĄđŽđĺđĺđĺđĄđźđĺđĄđźđĺđĄđŽđĺđĄđĺđĄđĺđĄđŽđĺđĺđĺđĄđźđĺđĄđźđĺđĄđŽđĺđĄđĺđĄđĺđĄđŽđĺđĺđĺđĄđźđĺđĄđźđĺđĄđŽđĺđĄđĺđĄđĺđĄđŽđĺđĺđĺđĄđźđĺđĄđźđĺđĄđŽđĺđĄđĺđĄđĺđĄđŽđĺđĺđĺđĄđźđĺđĄđźđĺđĄđŽđĺđĄđĺđĄđĺđĄđŽđĺđĺđĺđĄđźđĺđĄđźđĺđĄđŽđĺđĄđĺđĄđĺđĄđŽđĺđĺđĺđĄđźđĺđĄđźđĺđĄđŽđĺđĄđĺđĄđĺđĄđŽđĺđĺđĺđĄđźđĺđĄđźđĺđĄđŽđĺđĄđĺđĄđĺđĄđŽđĺđĺđĺđĄđźđĺđĄđźđĺđĄđŽđĺđĄđĺđĄđĺđĄđŽđĺđĺđĺđĄđźđĺđĄđźđĺđĄđŽđĺđĄđĺđĄđĺđĄđŽđĺđĺđĺđĄđźđĺđĄđźđĺđĄđŽđĺđĄđĺđĄđĺđĄđŽđĺđĺđĺđĄđźđĺđĄđźđĺđĄđŽđĺđĄđĺđĄđĺđĄđŽđĺđĺđĺđĄđźđĺđĄđźđĺđĄđŽđĺđĄđĺđĄđĺđĄđŽđĺđĺđĺđĄđźđĺđĄđźđĺđĄđŽđĺđĄđĺđĄđĺđĄđŽđĺđĺđĺđĄđźđĺđĄđźđĺđĄđŽđĺđĄđĺđĄđĺđĄđŽđĺđĺđĺđĄđźđĺđĄđźđĺđĄđŽđĺđĄđĺđĄđĺđĄđŽđĺđĺđĺđĄđźđĺđĄđźđĺđĄđŽđĺđĄđĺđĄđĺđĄđŽđĺđĺđĺđĄđźđĺđĄđźđĺđĄđŽđĺđĄđĺđĄđĺđĄđŽđĺđĺđĺđĄđźđĺđĄđźđĺđĄđŽđĺđĄđĺđĄđĺđĄđŽđĺđĺđĺđĄđźđĺđĄđźđĺđĄđŽđĺđĄđĺđĄđĺđĄđŽđĺđĺđĺđĄđźđĺđĄđźđĺđĄđŽđĺđĄđĺđĄđĺđĄđŽđĺđĺđĺđĄđźđĺđĄđźđĺđĄđŽđĺđĄđĺđĄđĺđĄđŽđĺđĺđĺđĄđźđĺđĄđźđĺđĄđŽđĺđĄđĺđĄđĺđĄđŽđĺđĺđĺđĄđźđĺđĄđźđĺđĄđŽđĺđĄđĺđĄđĺđĄđŽđĺđĺđĺđĄđźđĺđĄđźđĺđĄđŽđĺđĄđĺđĄđĺđĄđŽđĺđĺđĺđĄđźđĺđĄđźđĺđĄđŽđĺđĄđĺđĄđĺđĄđŽđĺđĺđĺđĄđźđĺđĄđźđĺđĄđŽđĺđĄđĺđĄđĺđĄđŽđĺđĺđĺđĄđźđĺđĄđźđĺđĄđŽđĺđĄđĺđĄđĺđĄđŽđĺđĺđĺđĄđźđĺđĄđźđĺđĄđŽđĺđĄđĺđĄđĺđĄđŽđĺđĺđĺđĄđźđĺđĄđźđĺđĄđŽđĺđĄđĺđĄđĺđĄđŽđĺđĺđĺđĄđźđĺđĄđźđĺđĄđŽđĺđĄđĺđĄđĺđĄđŽđĺđĺđĺđĄđźđĺđĄđźđĺđĄđŽđĺđĄđĺđĄđĺđĄđŽđĺđĺđĺđĄđźđĺđĄđźđĺđĄđŽđĺđĄđĺđĄđĺđĄđŽđĺđĺđĺđĄđźđĺđĄđźđĺđĄđŽđĺđĄđĺđĄđĺđĄđŽđĺđĺđĺđĄđźđĺđĄđźđĺđĄđŽđĺđĄđĺđĄđĺđĄđŽđĺđĺđĺđĄđźđĺđĄđźđĺđĄđŽđĺđĄđĺđĄđĺđĄđŽđĺđĺđĺđĄđźđĺđĄđźđĺđĄđŽđĺđĄđĺđĄđĺđĄđŽđĺđĺđĺđĄđźđĺđĄđźđĺđĄđŽđĺđĄđĺđĄđĺđĄđŽđĺđĺđĺđĄđźđĺđĄđźđĺđĄđŽđĺđĄđĺđĄđĺđĄđŽđĺđĺđĺđĄđźđĺđĄđźđĺđĄđŽđĺđĄđĺđĄđĺđĄđŽđĺđĺđĺđĄđźđĺđĄđźđĺđĄđŽđĺđĄđĺđĄđĺđĄđŽđĺđĺđĺđĄđźđĺđĄđźđĺđĄđŽđĺđĄđĺđĄđĺđĄđŽđĺđĺđĺđĄđźđĺđĄđźđĺđĄđŽđĺđĄđĺđĄđĺđĄđŽđĺđĺđĺđĄđźđĺđĄđźđĺđĄđŽđĺđĄđĺđĄđĺđĄđŽđĺđĺđĺđĄđźđĺđĄđźđĺđĄđŽđĺđĄđĺđĄđĺđĄđŽđĺđĺđĺđĄđźđĺđĄđźđĺđĄđŽđĺđĄđĺđĄđĺđĄđŽđĺđĺđĺđĄđźđĺđĄđźđĺđĄđŽđĺđĄđĺđĄđĺđĄđŽđĺđĺđĺđĄđźđĺđĄđźđĺđĄđŽđĺđĄđĺđĄđĺđĄđŽđĺđĺđĺđĄđźđĺđĄđźđĺđĄđŽđĺđĄđĺđĄđĺđĄđŽđĺđĺđĺđĄđźđĺđĄđźđĺđĄđŽđĺđĄđĺđĄđĺđĄđŽđĺđĺđĺđĄđźđĺđĄđźđĺđĄđŽđĺđĄđĺđĄđĺđĄđŽđĺđĺđĺđĄđźđĺđĄđźđĺđĄđŽđĺđĄđĺđĄđĺđĄđŽđĺđĺđĺđĄđźđĺđĄđźđĺđĄđŽđĺđĄđĺđĄđĺđĄđŽđĺđĺđĺđĄđźđĺđĄđźđĺđĄđŽđĺđĄđĺđĄđĺđĄđŽđĺđĺđĺđĄđźđĺđĄđźđĺđĄđŽđĺđĄđĺđĄđĺđĄđŽđĺđĺđĺđĄđźđĺđĄđźđĺđĄđŽđĺđĄđĺđĄđĺđĄđŽđĺđĺđĺđĄđźđĺđĄđźđĺđĄđŽđĺđĄđĺđĄđĺđĄđŽđĺđĺđĺđĄđźđĺđĄđźđĺđĄđŽđĺđĄđĺđĄđĺđĄđŽđĺđĺđĺđĄđźđĺđĄđźđĺđĄđŽđĺđĄđĺđĄđĺđĄđŽđĺđĺđĺđĄđźđĺđĄđźđĺđĄđŽđĺđĄđĺđĄđĺđĄđŽđĺđĺđĺđĄđźđĺđĄđźđĺđĄđŽđĺđĄđĺđĄđĺđĄđŽđĺđĺđĺđĄđźđĺđĄđźđĺđĄđŽđĺđĄđĺđĄđĺđĄđŽđĺđĺđĺđĄđźđĺđĄđźđĺđĄđŽđĺđĄđĺđĄđĺđĄđŽđĺđĺđĺđĄđźđĺđĄđźđĺđĄđŽđĺđĄđĺđĄđĺđĄđŽđĺđĺđĺđĄđźđĺđĄđźđĺđĄđŽđĺđĄđĺđĄđĺđĄđŽđĺđĺđĺđĄđźđĺđĄđźđĺđĄđŽđĺđĄđĺđĄđĺđĄđŽđĺđĺđĺđĄđźđĺđĄđźđĺđĄđŽđĺđĄđĺđĄđĺđĄđŽđĺđĺđĺđĄđźđĺđĄđźđĺđĄđŽđĺđĄđĺđĄđĺđĄđŽđĺđĺđĺđĄđźđĺđĄđźđĺđĄđŽđĺđĄđĺđĄđĺđĄđŽđĺđĺđĺđĄđźđĺđĄđźđĺđĄđŽđĺđĄđĺđĄđĺđĄđŽđĺđĺđĺđĄđźđĺđĄđźđĺđĄđŽđĺđĄđĺđĄđĺđĄđŽđĺđĺđĺđĄđźđĺđĄđźđĺđĄđŽđĺđĄđĺđĄđĺđĄđŽđĺđĺđĺđĄđźđĺđĄđźđĺđĄđŽđĺđĄđĺđĄđĺđĄđŽđĺđĺđĺđĄđźđĺđĄđźđĺđĄđŽđĺđĄđĺđĄđĺđĄđŽđĺđĺđĺđĄđźđĺđĄđźđĺđĄđŽđĺđĄđĺđĄđĺđĄđŽđĺđĺđĺđĄđźđĺđĄđźđĺđĄđŽđĺđĄđĺđĄđĺđĄđŽđĺđĺđĺđĄđźđĺđĄđźđĺđĄđŽđĺđĄđĺđĄđĺđĄđŽđĺđĺđĺđĄđźđĺđĄđźđĺđĄđŽđĺđĄđĺđĄđĺđĄđŽđĺđĺđĺđĄđźđĺđĄđźđĺđĄđŽđĺđĄđĺđĄđĺđĄđŽđĺđĺđĺđĄđźđĺđĄđźđĺđĄđŽđĺđĄđĺđĄđĺđĄđŽđĺđĺđĺđĄđźđĺđĄđźđĺđĄđŽđĺđĄđĺđĄđĺđĄđŽđĺđĺđĺđĄđźđĺđĄđźđĺđĄđŽđĺđĄđĺđĄđĺđĄđŽđĺđĺđĺđĄđźđĺđĄđźđĺđĄđŽđĺđĄđĺđĄđĺđĄđŽđĺđĺđĺđĄđźđĺđĄđźđĺđĄđŽđĺđĄđĺđĄđĺđĄđŽđĺđĺđĺđĄđźđĺđĄđźđĺđĄđŽđĺđĄđĺđĄđĺđĄđŽđĺđ╝\n\n## đŚđ░đ│đżđ╗đżđ▓đżđ║ 3	2026-03-13 12:35:33.984123	published	7	12	\N
40	đôđŞđ┐đÁĐÇđ╗đŞđŻđ║đŞ	# đŚđ░đ│đżđ╗đżđ▓đżđ║ 1 ĐâĐÇđżđ▓đŻĐĆ\nđŁđ░ĐüđÁđ║đżđ╝ĐőđÁ\nđčđÁđ╗Đîđ╝đÁđŻđŞ	2026-03-13 12:35:36.694929	published	12	13	\N
41	đôđŞđ┐đÁĐÇđ╗đŞđŻđ║đŞ	# đŚđ░đ│đżđ╗đżđ▓đżđ║ 1 ĐâĐÇđżđ▓đŻĐĆ\nđŁđ░ĐüđÁđ║đżđ╝ĐőđÁ\nđčđÁđ╗Đîđ╝đÁđŻđŞ	2026-03-13 12:35:36.703901	published	13	13	\N
42	đôđŞđ┐đÁĐÇđ╗đŞđŻđ║đŞ	# đŚđ░đ│đżđ╗đżđ▓đżđ║ 1 ĐâĐÇđżđ▓đŻĐĆ\nđŁđ░ĐüđÁđ║đżđ╝ĐőđÁ\nđčđÁđ╗Đîđ╝đÁđŻđŞ	2026-03-13 12:35:41.965727	published	14	13	\N
43	đôđŞđ┐đÁĐÇđ╗đŞđŻđ║đŞ	# đŚđ░đ│đżđ╗đżđ▓đżđ║ 1 ĐâĐÇđżđ▓đŻĐĆ\nđŁđ░ĐüđÁđ║đżđ╝ĐőđÁ\nđčđÁđ╗Đîđ╝đÁđŻđŞ	2026-03-13 12:35:41.975062	published	15	13	\N
44	đĺ đ║đżĐéđżĐÇĐőđ╣ ĐÇđ░đĚ đ╝Đő đĚđ┤đÁĐüĐî	đĺđżĐé đżđ▒ĐőĐçđŻĐőđ╣ ĐéđÁđ║ĐüĐé\n# đŚđ░đ│đżđ╗đżđ▓đżđ║ 1\n## đŚđ░đ│đżđ╗đżđ▓đżđ║ 2\n- Đüđ┐đŞĐüđżđ║\n- Đüđ┐đŞĐüđżđ║	2026-03-13 12:35:45.983085	published	2	11	\N
45	đĺ đ║đżĐéđżĐÇĐőđ╣ ĐÇđ░đĚ đ╝Đő đĚđ┤đÁĐüĐî	đĺđżĐé đżđ▒ĐőĐçđŻĐőđ╣ ĐéđÁđ║ĐüĐé\n# đŚđ░đ│đżđ╗đżđ▓đżđ║ 1\n## đŚđ░đ│đżđ╗đżđ▓đżđ║ 2\n- Đüđ┐đŞĐüđżđ║\n- Đüđ┐đŞĐüđżđ║	2026-03-13 12:35:46.012881	published	3	11	\N
47	đčĐâĐÇĐâĐÇĐâđ╝	# ĐéđÁĐüĐéđŞđ╝\n## đŚđ░đ│đżđ╗đżđ▓đżđ║ 2 ĐâĐÇđżđ▓đŻĐĆ\n- Đüđ┐đŞĐüđżđ║\n- đ┐ĐÇđżđ┤đżđ╗đÂđ░đÁđ╝ đ┐đŞĐüđ░ĐéĐî\n- ĐéĐÇđÁĐéđŞđ╣ đ┐ĐâđŻđ║Đé \n'''đ║đżđ┤'''	2026-03-13 12:44:29.341109	published	4	10	1
48	đčđÁđ╗Đîđ╝đÁđŻđŞ	đĽđ┤đ░ đ▒đżđ│đżđ▓ đŞ đ╗ĐâĐçĐłđÁđÁ đ▒đ╗ĐÄđ┤đż\n  đśĐüĐéđżĐÇđŞĐĆ\nđĹĐőđ╗đŞ đ▓ĐüđÁđ│đ┤đ░ đÁĐüĐéĐî đŞ đ▒Đâđ┤ĐâĐé\n  đčđÁđ╗Đîđ╝đÁđŻđŞ đ┐ĐÇđ░đ▓đ┤đ░ đŞ đ▓Đőđ╝ĐőĐüđÁđ╗	2026-03-13 12:45:07.940163	published	11	6	1
49	đčđÁđ╗Đîđ╝đÁđŻĐçđŞđ║Đü	đĽđ┤đ░ đ▒đżđ│đżđ▓ đŞ đ╗ĐâĐçĐłđÁđÁ đ▒đ╗ĐÄđ┤đż\n  đśĐüĐéđżĐÇđŞĐĆ\nđĹĐőđ╗đŞ đ▓ĐüđÁđ│đ┤đ░ đÁĐüĐéĐî đŞ đ▒Đâđ┤ĐâĐé\n  đčđÁđ╗Đîđ╝đÁđŻđŞ đ┐ĐÇđ░đ▓đ┤đ░ đŞ đ▓Đőđ╝ĐőĐüđÁđ╗	2026-03-13 12:45:18.804441	published	11	6	\N
50	đčđÁđ╗Đîđ╝đÁđŻĐçđŞđ║Đü	đĽđ┤đ░ đ▒đżđ│đżđ▓ đŞ đ╗ĐâĐçĐłđÁđÁ đ▒đ╗ĐÄđ┤đż\n  đśĐüĐéđżĐÇđŞĐĆ\nđĹĐőđ╗đŞ đ▓ĐüđÁđ│đ┤đ░ đÁĐüĐéĐî đŞ đ▒Đâđ┤ĐâĐé\n  đčđÁđ╗Đîđ╝đÁđŻđŞ đ┐ĐÇđ░đ▓đ┤đ░ đŞ đ▓Đőđ╝ĐőĐüđÁđ╗	2026-03-13 12:45:18.812324	published	12	6	\N
51	đčđÁđ╗Đîđ╝đÁđŻĐçđŞđ║Đü	đĽđ┤đ░ đ▒đżđ│đżđ▓ đŞ đ╗ĐâĐçĐłđÁđÁ đ▒đ╗ĐÄđ┤đż\n  đśĐüĐéđżĐÇđŞĐĆ\nđĹĐőđ╗đŞ đ▓ĐüđÁđ│đ┤đ░ đÁĐüĐéĐî đŞ đ▒Đâđ┤ĐâĐé\n  đčđÁđ╗Đîđ╝đÁđŻđŞ đ┐ĐÇđ░đ▓đ┤đ░ đŞ đ▓Đőđ╝ĐőĐüđÁđ╗	2026-03-13 12:45:26.243971	published	13	6	1
\.


--
-- Data for Name: article_image; Type: TABLE DATA; Schema: public; Owner: postgres
--

COPY public.article_image (id, id_article, id_image) FROM stdin;
2	12	2
6	6	6
\.


--
-- Data for Name: image; Type: TABLE DATA; Schema: public; Owner: postgres
--

COPY public.image (id, image_name, description) FROM stdin;
1	\\x696d616765732e6a706567	\\xffd8ffe000104a46494600010100000100010000ffdb00840009060713131215131313161615151818181718181818181d1a1818181a1a18171817181d2820181a251f181821312125292b2e2e2e171f3338332d37282d2e2b010a0a0a0e0d0e1a10101a2d251f252d2d2d2d2d2d2d2d2d2d2d2d2d2d2d2d2d2d2d2d2d2d2d2d2d2d2d2d2d2d2d2d2d2d2d2d2d2d2d2d2d2d2d2d2d2d2d2d2d2dffc000110800d600eb03012200021101031101ffc4001b00000203010101000000000000000000000506020304010007ffc4003d100001030203040903020405050100000001000211032104314105125161061322718191a1c1f032b1d142e1235272f107146282b215334392d224ffc400190100030101010000000000000000000000010203000405ffc40027110002020203000103040300000000000000010211032112314132132251045291f0426171ffda000c03010002110311003f00a6a528200ce7db828384491acd94456b83c14dee07d9715a3ae991044dc411995c26d637c8fe5743afe61780b6595bbc2031378f9c979ae91e27cce8aab8b036e6b9bf7f9c50b35173cda7e7eca245b87f65c6ba644f783ec7c971c489d26cb5189b1e4d8c4812170bec2cab63ee3c972a7f7f1c8ac6246a0ce782b4540411ceeb3b5a04d8653a2a9d56094026e0e03e7350790222165a954103e77ae526b9ee0d682e713000456cc5d51eb5e1b64d7a8016d3744e66c0f74a6dd85b0a95001f5007d4ce0dc37901c79abb6c6d36b2ed76a4169bc702392bac518ab9320f2bba88b03a35587d5ba35cff00655bb61d49cc2d95f6d1d4bbbeeb452dbcc68037bff607eeb543f00e5316f1bb36ab2496922f95d603557d0a86d3a2fca2ff003bd61da3d1fa159d20c718b133de87d24fe2c6597f70922a8995c75654ed1c2be8bcb1e0820d8f11a10a873d45a69d32ca99a0d61c556ec4c6aaa0792e140345e2b7251eb0a8c28d96313a8eb66a00ae4d978158c4e9957b0db21eab330156ee9e2b205065e204c5f928bdc74506d7d0c58a99209f0bf0e08d9a8adae7022f0de319787eeb452a939889f25c2db08cc67cc2d7b13649af59b4ae0192e20e400bfce308c63c9d233692b66cd8fb15d5ce7bac19bbd80d4a601b270ec11b9bc46aebcfe114c4d36d2a6194c435b603e6679a5daeda8e76719ceb1e2ba5251d2473393904a960e81c8372fd22566ab84a0243c81c2447ae8b35501a223bf99f74bdb42b49d5193697422db1a69ec8a6ff00a407f12d3c7258f19b0296f6e876e3a22f920bb376b54a1f4ba66241cacb662fa465c439cd81af8f02839478ed0cb95e983b6a6cca94243da777470b8cc67c1047d5119deebe8180da6c7b60c39845c1bc08ba40e96ecb386ab2d934aa769873ef693c47d94a504f712d09f8c85179738340926de3c5356cb0dc38917a8441770e20254e8eb73a874b37cae7e7345ce26ea575a419ef435616a3ebb8c18fe63f785bab6ce00652789cd53d1873774019a3b5dabb2115c6ce593d8938d25b68581f55a739099b68e141329771b400cc47e12ca214cc4fa7ab0ee9e59792bb0bb59c0c3ac74e6a81f6555766f36d623eea2e3ea289fe4dfb5fff00d0cd3787d279f0f14a3d772c91fc0579b217b6b0f152464f13e337f9cd2df2ecac35a320aa54daa9014c38017294a963b25c666a0310dcb352de2818b095e0f51a6c24e4ac34f822620dde9cfd1686d3117267bc7e5469b22e7c14b741bfb2c806e691a293e9ded97e54c37c54434e8b18e36a4183ebaafa17433677534fad7fd7547678866727bede10953a3782ff00315994c804132ee4d6dddf8f10be8b8c326d6190ee5d18952e44734bfc4c78cabbc774699acf5b0fbb1a7e4abb094bf8cd69e67cb2459f4013c9746356ace693a14b69d021a4f2849b5e9113c79afa9ed5c28888093368e1010e6817917d7bbc6e84d6c3162c3b13d93205be1553f13a7a8445f83b19179c909c4d220e5c7d49526b43a254f18699906dafe51d6b9b8aa268bfbd87811c12cbe9f1566c4c61a75034e87d141fdaca55a2cc35234c6e6ad241f3cd4aad582b56d8643c387eacfbc21f5859256c65d0dbd16c706be09b7ba7beb4397c77058820829c767eda3ba38ae8c79295323386ec66c761b542717810ecc7c1ecbbb23a46cadbcd91bcd3922fba0b6cad16a4b44daaec47c5e1374c0d10d7b6e9a36c518bfc94b788375cf3d32b106e1ad51c143a44eec338c9f28bfb2b81edac5d22a91d5b7913eb1eca6bb2d1ed029879abd93a0b2ccd785635e832c6860f052040546f0e2ba1dc92d04d0dac654854e6a3458ac73405b403d9dfd392e758ed148d58b85015d9aa200d022602b1acd6167730111f3cd71987d04e5304947fe010e7fe1f5301d5ddfab75a07739d7fb04ceea837a0fc2847f87d068d4b41eb1a0f76edbdd6bda4fdd77aaea4f8c51cd3dcd843094ff8e5dfe83f7089065d0bd93890e00ea241e28f512089e2ad07a2325b02ed5a24e478dfedee969d48c929cf1ec9081d4a01a46a95f6642dbb0466fe083edac3682dc17d0dfb3c16181f38049db7b0fbb622e35ef4b354868ed896e610b2629a443b507d0a2d8867afcbac18d6dbc97348b2ec25b45fbd4d87ba7c42ce1b2164dbd89dca7444e6e13dc1a7f2ada356c97fd8510062c42d54f17ba87d77ba6daa2386c2899cca03176c2a6e154be0dd7d130d8886250c33c32f6566276c80237bcb556c6f8a2335c98476a6237a72cc258c6383491995dc56d5de9899d095870edde767de509bb0c551ab67d1925c502dbd88dfafbadbeec3045e4eb1c4c92132d2a15abbff00cb615bdab75950fd34c1d5c7436b0cd3ef46fa2587c13439ad152ac5eabee67fd20fd3e1e253431585e451133a33fe1f39c3acc58dd6b9a629c90f04fd2e7119117ecdf49e08dd2e8060db13d618e2ecfc826ba954653fdf82138fdacda625c4904c584fdb257e318ae89b9cdbec1eee8760f26b609b5cb8ff006592b740299bd37b87a8f55b1bd20a79de3fa7efcbbd10c2ed5a6f16769a14bf633729af441db5d19c4d00486efb06ad127c425a358fce2bed63680021e416e53af9211d2ae89d3c433aca41adaa0483fcdc8f3e691e18bf8948e77d48f94c9d4a8caf54610e2082082419e5c577779ae768e8b19a9c9bfc98bdd4dad04175e4587dc7b2ac193631bdc86632522774e73f3e792166a1a7a038b2daafa264758c96cff3324c791779237b7c6a12261314e639af618730ef09f9968be85508c4516d566445c7077ea1f392a397285119c6a5608c062cd23bf300dbe04c7b3b6bef349194da78ebdc3f29670db39d51e180c0b92780e308a9732910c03b395f33c656c391d5be85c91469c7749a8b7eade044c803787810b36d6daf876087566349008bf1c8db4e6b40c0b1fa043f68ec104582a4a53a11288cfb1d83a96b83b783da1c1dc41b823925ee92e0c39a7efe6611ed8b47abc3b29e8c000fc21db74f64ab3dc49f4cf9962a945ae81e2ddbcf6b06973ec3e70473a41b443038363b56819f7774fd92e507754c7547fd47d4f05c6ff074c57a63e9256dfa8d68fd023c4c2a767ed134fb246f37d42ca5c5ce93724f9929a363742311565d57f82c1fce3b47b99a0e663c55146d505d23353aad710e6191c3508851ad0131e13a2184a42cd7d4781f517103c843639150383a6046e016fe51f748f1d3179d8b75ab9fe6598386a651fab86a71760ef842715b3a7fedbb75da4dc7ec87413062712d044981f345af60b1f8aabd5513d5b625f508920721c4e880e2767d46be1e24b8d8e87c53bf47dada4d6b5a6d9b8f13aa7b480fa3e91b0f014e8510ca2ddda62e5c6ee79d5ce27ea71e25595dee790c6d80d380d094370bb4fac8636c3f1a23b87645f539fb2e8be5d1cfd195b820d199279fcb207b670c0cdafe997ba69c44c5b3427194a4e523e1ba7e2a854f6233d9ba797c959ea3672b1e23347f1581dd336d4e597cb2018a375cf28954c83b1cf6968249b5c939a3981db8f6589905007b647dbbd5587a84d8a9db4f43d2688f4e283457eb182d5449fea1f57b25ceb931ed93bd8793fa0823c4c14aa40426edd96c7d50d74340a5505f819f55d361cd4009fefeca453d2c0ebfdd16d87b7df862600730c6f34da7491c0e6b261764d470930c69b8273f019945a86cda2c009ed923f565e49a29adf42ca51e9ec79d9e69be9f5b4882da82c7811983cc1497b55cf0f37bca2185c754a4dec7d1fcb16f0e0a9da5b469d517690ed62e3cd3658a9255a21174cc785e91d6a56307bc7e115c374bdaeb3d90791949f8aacc691263bedea55752b30df780f14b19cd7a3b8c5f83c623a4cd02c9776cf48aa5504345b8a03531ac6e6e92b0623a4349a60ef7803ee9f9b9685e091ace044ef54749cd65c1ec6a9b41ff00c21b987a7d9df7644eb03f53b968160c356a98eaf4e837b0d79837bee892e24eb606cbec182a14f0ec6b18d0d6b0435ba0e64ea4ea552115db349b402c2746e8e0992ca7bcff00e779bf28b437b82ca76d1df870b84cbb4ab75ad0d1aa4fe91e1770b5c336d8f8a9e693bd3d020afb18f0b88ecf33f6e6b3d670172d917fb6b644fa3bb29a280793bcf7093cada05936ae15c260d8e80e5f23d57428be2992bd8231c5a5a23bf971201f99a0ee041d15f59d06e47764a06ea32a65168cb55822f71ea39acadaa69ba26d983c42215d902c50cc68919f7722a6d50eb635ec0c706bafaa76c2e3038485f1cd9fb4a33304272d81b5c1804aae39d689ce3e9f416dc2aded9d165c1e3015abad9f9a2eb4c8502369e1416fba48da8c82792fa1e3223c126edbc319952c8b43c58018545b9f204faab3251a6ecd4194451b42f46a4e807fc8258b231b77130d14f8c38fb041f742565e0b437b45cf7714c5b33640a6d152a89766d69c80cc38f13cb442fa3f8535b10c641037a5dfd2ded1d7804d5b72a5ca9c9f08dfa693df10462b15264dd17d93b27b3d6d51737630fdcfe151d18d99d6d52f75dacbf79d0777e131ed766f5b2857c18fede4c8e4953e285fdacfccf1f40956bd6ba65da4d861f4fd92a62c8924775f8a3990b0330c5824b5c018d0a8bf094cdc08e4b95e9b5c2ffbac559af6fd3da6fafeeb9ea8b265d5680022107c6d00eb11e3c0a22cc5ce7a7a2a6b41456863dd0ca5bb8bb9bb1ae20f1c87b94f98dc69b899495b1da055de8bee913cac8ff5b239a672d0ad6c62d895af7f058fa554241e042a763bcca298fa7bec846b9404ea5614e86bf7b0ac93f2569daf8705a7bbe7d907e87e34377b0e6ce6dc7305326384b5754249c11192a91f33da5460943b7c8b4a65db38620ca054f0e4cb8e435f6fbae57176593d15d6a9a20d88c40bf7ad9b42b198033b002f2ada5b0f72f58824fe906c3bcea507b0ad0bd4e93dce3b8d2e8ce04e6b631f5d9931f6bfd27f0999fd910d003780b2cfd7386b759b0d99309d2daec10049e7978a63d95d3971037e990620c5c7384bd56831f24b61dc47e155b8695f36f11a77f24cb235d0ae299f4ad9db505505d05a071fc20db7f16d3f4e5f3d52cb36c98869cd75b8873a24aa7d5b54270a64eb155d5a818c2e3937e00bd5ab000c902354bd8fc71aa7830643dcf3536ca463667af50bdc5c7327e0511f2cbabd1cfd1259d148faaf421bbcfab50882ca76ef7103ed2adda9566547a0d5c759569cfd74cc0e6d20fdb79776c5282547f515c63fdf49af9b197a10c06813fcce3e960b76d311280f41b1b634ce60c8ee4c988a739af4f1352826bf072645526226dc7a54c41994fdb48b438c8ced904978ac3824c71d7bd4f221a209054438e6b4ba92e3e9f828143156a41fa41e2aa0d016b7d96648d944428d52c7070b47d8d8fa2374ca08f62d381c6ef4c9bb4c1f63e4942d0d1b2489098cd2900f3499b3ebbc1de0d25bc40f74d7b3f6c532374dadad95f1b4d5119a667adb2c9a86a3096bc5da472e3c8a62c063faca41c443aed70e045bcbf2b8034b4111f3259d90d98b5c9558c783d08dd99b6be1c3a9dbe77a5e1807bceeb6cd6e6e3973ef3c932e15dd6bc33c64680672a9dbb59ad6eeb2001681f74991aab0c6fa145f45944923b4efe63a7f48d3eea9a6f2f227c14310778a63d91b29a003993afe173c2e6ca4aa2812708f373d91e67243abe1c8301c4f19e2be86fd9d68396bcd2bed5c1ee930af285227190ba1ae0ad6bd4de2eaaa814e87b2ac461da0178c86607b043ddb54e4d6c7337f408bb2a71c901c7e1f71e40c8dc77140a469f65551cf7192e95e20f05e8f35d92832c440e217b71aa5bebc616358f7b2b12ea551b51ad1d97030786a3c44a70db1850f02a32ed7091dc52536633f0b262e89ed3001a150f61c7b04fe9274ee2871e71e1fc129fee461c3d6342a87e937ee5f42a55c3da1edb82129ed8d99136593656d67e1fb0e97533a6a137e9b3ac7f64c9648735c90776ce1e412077fba4fc76108123233e89b7fea14de096b86594c7dd2fed378337b7cf9e0bae6d3d928da15aae6aaa816dc596cd961aae9d17249d1748cd5152e0af2c46f656c2ffc9506921bff00d7e14d27274877515b0051a4e76427ecb4ecfd8c1afdf73a6665a32ee2754771224aaaac06ea9d2a0393340c7c37760787da1534f1ac3d97891a4e9dc50da85657984ae6cca283e76d55c38ec9eb29f0398fd9554fa602f2d284d0c466b362dc04766c754f1cb207d3438740f6bbaa629edfd3d53dd3fee67e54b6ed7ed159bfc3ca247f98aba068a63c4c9b7fb479aa36954fe219bc219af8a0452e4c1cc7cbc27ad8af05a358490c689fb23184c5ba83c07d81883f7470be3d8322b3e82582252d6d9c0f0f964c184ac1cc0e19116fcac5b5580fe7e792ec6ad1ce9d1f3bc4e1e09130153d4ca31b4f0e649e286004085cdc6996b30d46c04376f4014ddde3ec8de2a976675085ed5ffb6dfeaf6295aa63c181a93fbfd55ca4ce6bcf8e05297201fc573ae1c0f9156b4053ea4f25803700ef8575849113af13a78a93c91c392f5169ddcf8cea96816316cadba0014ab996c59fab791e216ac6eccde1bcc21cd3911709540e24fa2d980da35291963a01cc1b831c4145f19fcff915c7d891c4e0cb4da42c555ae4c0edb94ea47594e0f16904791fca8b8e1dcd96d40393ac7d7349c1af8b05bf50b270e755c660cf04c0fa5487fe461ee20fa057ec8a74ead56d3692666601b0024c928f06f46e5e98f636c411d63c4c7d239ea56dc552712071c872e70997aa6b4eec76468aac060eee7bb33e8340ba638f5488b9fa2fb366019e7c50ec6d3dd1013bd7c248b0cc5bbf8258e905214db0e104e5c534e1481195b156b2118dafa0ccad18ec51120024f043594dc6ee175c94742d17b1d0af6bb43aaa08b772eb4d90aa0dd8cdd07c4ee9aec2736831c81227c2546b8de798b92fdd006bce500a78d7d022b340362d703ab4e60f0c82d381db6d2e96bb71c6c418d7871566f94508d6db45fb843dc0d8b4911ad919a78b15181a47685c38de08e5aa0afbbf7a64fbaee1eac3c734b19568cd58e7d17dab2c34dd0d734e991075089e2dd22df39a432f2d707b331ebc931e0f68b6a3781ca2d3e8ba31e4b54c8ca3ea2bc59e5706df38a058d024423b8d70e3920788332ed1190118f1557b3fd5643768b7b2d119927c87ee8a6eef1086ed132fb1b37efaa8c8b401fd48e0a5d577ad1d5dd458c3929962b1414fa8f9756b01528e25030c0e6932ba098032565b81f9e0abeaf9e606688b64493333eebb500d4952753107e64a46397925686b20c238fcf05171131cd5cc7708d554d776bb9286ce3a272fba6cff000fb0e37aabf834347fb8927fe2129d4713c539f41bb342a3bfd6079347e5530fcec4cbf00d3a94b8ad549b1636110a38570263bd5b51c0193965e60aee82d59c7232dad19444731aa4fe9813201248e313dc11fc5552dfa320647141f68cd410e248267219f24326e3468e9d899fe5a64a8be98164c55f0e034db97e12fe2e9c1995cee1c51552b32be87e160a07428917e8873843cf7a9c968a459754a3bc0b7884bd099e98c903af446fbad693f74225105762e341ecbaee194ea3f216c735016d1836463078b910ff00fdb3f345a035e9b683c8cc23146a35a25c473d2c84d213f4904723eca5106e5a278c278ba24d59b2be285fb53c3ef73a7ec85ef39ce1c068ada95582e5d3dc0ff654bf104d80dd1c755a526cd189ec562736b73d48580339ab58c891f8518d7dd249b656292381b033bf82f39bacab5a2f75e88b4dbba5284af739ab0d25004e4af047103c0ac60f3e787a154345db6d32c94eab8e7a2e309044fcb271099cb25074fba8ef3818cfc82f6f6b116e48309e048e2ab0d240cb539f053a84fb69f95e69e42dee95a1ac8888cc67acfb26ae826267ada448bc3dbf63ec950b7b248eef35af62e24d1acda809ecb84db31fa879218df196c335ca2d0fdd7f5755a4d84c1f1b22d8ba72105db74c1122e0891dc6e0a86c4db13fc2a86ffa49d791e6ba71644a4f1b39251b5c911c6519f059c61ec79423388a7aaca7973b2e8e24ec058dc2c517922e2e0fb251c66667e1e2be818ac3c8234f7499b669c40852cb11e0c0151e05f87cbac74ee64eaafc50bc79af50a4b9a6fc2f1469a2c843194a4e5afba2b50c0b665469b2e39e7cad7410e8c269c69ca1582958db2fb95aaa320e5f27bd4b77eab772c3197a9c829b695be715a9adcec39f966b90380e3e5c5605941a52408526b3888578672b5bf75c6b37bedf3c56a35955368e0a1d5eab4b6844c8cbd945ec17cfcd60594b4725d7305ecac68038deebaebf28d392c62a0d1eaa721788559eff004fdd63071c3d971c60f10355273b2cb29cb9289cb21ea88a78b609b2e11cb3564775ff000bcd6f7584ad41b2a75f4caff851dd98f1f1c94dedee057a0e8470f9e48518e06f2cb3f9e0bac989b7c2571afb13afcfca9d4b380d010834326396c4c636ad11449edd316e6dfc8fc219b47090507a55cd376fb1c41699197c84c386db346b37f8914dc6d3fa49f647243ea2b5d92dc5dae8cd476e54667da1c0e8391fcad4cdbd4dd9f64f02a9c76cc22e2e3422e109af86226414f0cd923a90ae317d06f17b5a9c113a77fd9286d1da6f702d02da13a777cd11366516e0b055c2cdcf1559e56d6858c52023295e4ad3499e4afa94374c1cf87050decc7e742b9ebf2596c89a7706392e52a7ac68ad116045cdfeebcc68ce2c607a26a0912de5af1f195eea840b6a49fbae3a2623331ecad75c83c446b9dd031014ed30b9b926fc976c2da11cfe6aa56077b48939eb6468d644364d81b12bae60b0e06ddfcd4a96537b4ea549edbc4de64e7c1648164482411c3f3755b982e3427d0ff7f4568222413f34550222f39fb2262b633b245ad1de08517d971cfbfd454eb1922fcfcfe04a1380fa2cee715739f73ddcb250f99058c157bae792f122cbcbc881169788f257b63b5dcbcbcb2314968b7ecaa77d392f2f2013adb6ef81f35378127fabdd7579066479d506e9e67d941bf437fabee26179790097d3c6d4a6d1b8f7373c8db3032cb55bff00eaee2d76f35ae8d623ce179793a93aa15c5332bf1d97605c8d4ea61647e35e5c5b611190e3cf35e5e4793071465025c7e642571e2d6e23d7fbae2f2418b6a37f88dd27f1fb8f251ad4e3c27ee5797934bd019cc90794ab29ba584f71f55e5e40272b3bd14ea1ec0e300791fc15e5e59301e1f44733e8a559f99e401ef8cc2f2f268f4064482d16c8d956e102dc48f05e5e464032b9df723c977ace2bcbc91ba1c8567099e2ba29cdfd82f2f2280cffd9
2	images.jpeg	\\xffd8ffe000104a46494600010100000100010000ffdb00840009060713131215131313161615151818181718181818181d1a1818181a1a18171817181d2820181a251f181821312125292b2e2e2e171f3338332d37282d2e2b010a0a0a0e0d0e1a10101a2d251f252d2d2d2d2d2d2d2d2d2d2d2d2d2d2d2d2d2d2d2d2d2d2d2d2d2d2d2d2d2d2d2d2d2d2d2d2d2d2d2d2d2d2d2d2d2d2d2d2d2dffc000110800d600eb03012200021101031101ffc4001b00000203010101000000000000000000000506020304010007ffc4003d100001030203040903020405050100000001000211032104314105125161061322718191a1c1f032b1d142e1235272f107146282b215334392d224ffc400190100030101010000000000000000000000010203000405ffc40027110002020203000103040300000000000000010211032112314132132251045291f0426171ffda000c03010002110311003f00a6a528200ce7db828384491acd94456b83c14dee07d9715a3ae991044dc411995c26d637c8fe5743afe61780b6595bbc2031378f9c979ae91e27cce8aab8b036e6b9bf7f9c50b35173cda7e7eca245b87f65c6ba644f783ec7c971c489d26cb5189b1e4d8c4812170bec2cab63ee3c972a7f7f1c8ac6246a0ce782b4540411ceeb3b5a04d8653a2a9d56094026e0e03e7350790222165a954103e77ae526b9ee0d682e713000456cc5d51eb5e1b64d7a8016d3744e66c0f74a6dd85b0a95001f5007d4ce0dc37901c79abb6c6d36b2ed76a4169bc702392bac518ab9320f2bba88b03a35587d5ba35cff00655bb61d49cc2d95f6d1d4bbbeeb452dbcc68037bff607eeb543f00e5316f1bb36ab2496922f95d603557d0a86d3a2fca2ff003bd61da3d1fa159d20c718b133de87d24fe2c6597f70922a8995c75654ed1c2be8bcb1e0820d8f11a10a873d45a69d32ca99a0d61c556ec4c6aaa0792e140345e2b7251eb0a8c28d96313a8eb66a00ae4d978158c4e9957b0db21eab330156ee9e2b205065e204c5f928bdc74506d7d0c58a99209f0bf0e08d9a8adae7022f0de319787eeb452a939889f25c2db08cc67cc2d7b13649af59b4ae0192e20e400bfce308c63c9d233692b66cd8fb15d5ce7bac19bbd80d4a601b270ec11b9bc46aebcfe114c4d36d2a6194c435b603e6679a5daeda8e76719ceb1e2ba5251d2473393904a960e81c8372fd22566ab84a0243c81c2447ae8b35501a223bf99f74bdb42b49d5193697422db1a69ec8a6ff00a407f12d3c7258f19b0296f6e876e3a22f920bb376b54a1f4ba66241cacb662fa465c439cd81af8f02839478ed0cb95e983b6a6cca94243da777470b8cc67c1047d5119deebe8180da6c7b60c39845c1bc08ba40e96ecb386ab2d934aa769873ef693c47d94a504f712d09f8c85179738340926de3c5356cb0dc38917a8441770e20254e8eb73a874b37cae7e7345ce26ea575a419ef435616a3ebb8c18fe63f785bab6ce00652789cd53d1873774019a3b5dabb2115c6ce593d8938d25b68581f55a739099b68e141329771b400cc47e12ca214cc4fa7ab0ee9e59792bb0bb59c0c3ac74e6a81f6555766f36d623eea2e3ea289fe4dfb5fff00d0cd3787d279f0f14a3d772c91fc0579b217b6b0f152464f13e337f9cd2df2ecac35a320aa54daa9014c38017294a963b25c666a0310dcb352de2818b095e0f51a6c24e4ac34f822620dde9cfd1686d3117267bc7e5469b22e7c14b741bfb2c806e691a293e9ded97e54c37c54434e8b18e36a4183ebaafa17433677534fad7fd7547678866727bede10953a3782ff00315994c804132ee4d6dddf8f10be8b8c326d6190ee5d18952e44734bfc4c78cabbc774699acf5b0fbb1a7e4abb094bf8cd69e67cb2459f4013c9746356ace693a14b69d021a4f2849b5e9113c79afa9ed5c28888093368e1010e6817917d7bbc6e84d6c3162c3b13d93205be1553f13a7a8445f83b19179c909c4d220e5c7d49526b43a254f18699906dafe51d6b9b8aa268bfbd87811c12cbe9f1566c4c61a75034e87d141fdaca55a2cc35234c6e6ad241f3cd4aad582b56d8643c387eacfbc21f5859256c65d0dbd16c706be09b7ba7beb4397c77058820829c767eda3ba38ae8c79295323386ec66c761b542717810ecc7c1ecbbb23a46cadbcd91bcd3922fba0b6cad16a4b44daaec47c5e1374c0d10d7b6e9a36c518bfc94b788375cf3d32b106e1ad51c143a44eec338c9f28bfb2b81edac5d22a91d5b7913eb1eca6bb2d1ed029879abd93a0b2ccd785635e832c6860f052040546f0e2ba1dc92d04d0dac654854e6a3458ac73405b403d9dfd392e758ed148d58b85015d9aa200d022602b1acd6167730111f3cd71987d04e5304947fe010e7fe1f5301d5ddfab75a07739d7fb04ceea837a0fc2847f87d068d4b41eb1a0f76edbdd6bda4fdd77aaea4f8c51cd3dcd843094ff8e5dfe83f7089065d0bd93890e00ea241e28f512089e2ad07a2325b02ed5a24e478dfedee969d48c929cf1ec9081d4a01a46a95f6642dbb0466fe083edac3682dc17d0dfb3c16181f38049db7b0fbb622e35ef4b354868ed896e610b2629a443b507d0a2d8867afcbac18d6dbc97348b2ec25b45fbd4d87ba7c42ce1b2164dbd89dca7444e6e13dc1a7f2ada356c97fd8510062c42d54f17ba87d77ba6daa2386c2899cca03176c2a6e154be0dd7d130d8886250c33c32f6566276c80237bcb556c6f8a2335c98476a6237a72cc258c6383491995dc56d5de9899d095870edde767de509bb0c551ab67d1925c502dbd88dfafbadbeec3045e4eb1c4c92132d2a15abbff00cb615bdab75950fd34c1d5c7436b0cd3ef46fa2587c13439ad152ac5eabee67fd20fd3e1e253431585e451133a33fe1f39c3acc58dd6b9a629c90f04fd2e7119117ecdf49e08dd2e8060db13d618e2ecfc826ba954653fdf82138fdacda625c4904c584fdb257e318ae89b9cdbec1eee8760f26b609b5cb8ff006592b740299bd37b87a8f55b1bd20a79de3fa7efcbbd10c2ed5a6f16769a14bf633729af441db5d19c4d00486efb06ad127c425a358fce2bed63680021e416e53af9211d2ae89d3c433aca41adaa0483fcdc8f3e691e18bf8948e77d48f94c9d4a8caf54610e2082082419e5c577779ae768e8b19a9c9bfc98bdd4dad04175e4587dc7b2ac193631bdc86632522774e73f3e792166a1a7a038b2daafa264758c96cff3324c791779237b7c6a12261314e639af618730ef09f9968be85508c4516d566445c7077ea1f392a397285119c6a5608c062cd23bf300dbe04c7b3b6bef349194da78ebdc3f29670db39d51e180c0b92780e308a9732910c03b395f33c656c391d5be85c91469c7749a8b7eade044c803787810b36d6daf876087566349008bf1c8db4e6b40c0b1fa043f68ec104582a4a53a11288cfb1d83a96b83b783da1c1dc41b823925ee92e0c39a7efe6611ed8b47abc3b29e8c000fc21db74f64ab3dc49f4cf9962a945ae81e2ddbcf6b06973ec3e70473a41b443038363b56819f7774fd92e507754c7547fd47d4f05c6ff074c57a63e9256dfa8d68fd023c4c2a767ed134fb246f37d42ca5c5ce93724f9929a363742311565d57f82c1fce3b47b99a0e663c55146d505d23353aad710e6191c3508851ad0131e13a2184a42cd7d4781f517103c843639150383a6046e016fe51f748f1d3179d8b75ab9fe6598386a651fab86a71760ef842715b3a7fedbb75da4dc7ec87413062712d044981f345af60b1f8aabd5513d5b625f508920721c4e880e2767d46be1e24b8d8e87c53bf47dada4d6b5a6d9b8f13aa7b480fa3e91b0f014e8510ca2ddda62e5c6ee79d5ce27ea71e25595dee790c6d80d380d094370bb4fac8636c3f1a23b87645f539fb2e8be5d1cfd195b820d199279fcb207b670c0cdafe997ba69c44c5b3427194a4e523e1ba7e2a854f6233d9ba797c959ea3672b1e23347f1581dd336d4e597cb2018a375cf28954c83b1cf6968249b5c939a3981db8f6589905007b647dbbd5587a84d8a9db4f43d2688f4e283457eb182d5449fea1f57b25ceb931ed93bd8793fa0823c4c14aa40426edd96c7d50d74340a5505f819f55d361cd4009fefeca453d2c0ebfdd16d87b7df862600730c6f34da7491c0e6b261764d470930c69b8273f019945a86cda2c009ed923f565e49a29adf42ca51e9ec79d9e69be9f5b4882da82c7811983cc1497b55cf0f37bca2185c754a4dec7d1fcb16f0e0a9da5b469d517690ed62e3cd3658a9255a21174cc785e91d6a56307bc7e115c374bdaeb3d90791949f8aacc691263bedea55752b30df780f14b19cd7a3b8c5f83c623a4cd02c9776cf48aa5504345b8a03531ac6e6e92b0623a4349a60ef7803ee9f9b9685e091ace044ef54749cd65c1ec6a9b41ff00c21b987a7d9df7644eb03f53b968160c356a98eaf4e837b0d79837bee892e24eb606cbec182a14f0ec6b18d0d6b0435ba0e64ea4ea552115db349b402c2746e8e0992ca7bcff00e779bf28b437b82ca76d1df870b84cbb4ab75ad0d1aa4fe91e1770b5c336d8f8a9e693bd3d020afb18f0b88ecf33f6e6b3d670172d917fb6b644fa3bb29a280793bcf7093cada05936ae15c260d8e80e5f23d57428be2992bd8231c5a5a23bf971201f99a0ee041d15f59d06e47764a06ea32a65168cb55822f71ea39acadaa69ba26d983c42215d902c50cc68919f7722a6d50eb635ec0c706bafaa76c2e3038485f1cd9fb4a33304272d81b5c1804aae39d689ce3e9f416dc2aded9d165c1e3015abad9f9a2eb4c8502369e1416fba48da8c82792fa1e3223c126edbc319952c8b43c58018545b9f204faab3251a6ecd4194451b42f46a4e807fc8258b231b77130d14f8c38fb041f742565e0b437b45cf7714c5b33640a6d152a89766d69c80cc38f13cb442fa3f8535b10c641037a5dfd2ded1d7804d5b72a5ca9c9f08dfa693df10462b15264dd17d93b27b3d6d51737630fdcfe151d18d99d6d52f75dacbf79d0777e131ed766f5b2857c18fede4c8e4953e285fdacfccf1f40956bd6ba65da4d861f4fd92a62c8924775f8a3990b0330c5824b5c018d0a8bf094cdc08e4b95e9b5c2ffbac559af6fd3da6fafeeb9ea8b265d5680022107c6d00eb11e3c0a22cc5ce7a7a2a6b41456863dd0ca5bb8bb9bb1ae20f1c87b94f98dc69b899495b1da055de8bee913cac8ff5b239a672d0ad6c62d895af7f058fa554241e042a763bcca298fa7bec846b9404ea5614e86bf7b0ac93f2569daf8705a7bbe7d907e87e34377b0e6ce6dc7305326384b5754249c11192a91f33da5460943b7c8b4a65db38620ca054f0e4cb8e435f6fbae57176593d15d6a9a20d88c40bf7ad9b42b198033b002f2ada5b0f72f58824fe906c3bcea507b0ad0bd4e93dce3b8d2e8ce04e6b631f5d9931f6bfd27f0999fd910d003780b2cfd7386b759b0d99309d2daec10049e7978a63d95d3971037e990620c5c7384bd56831f24b61dc47e155b8695f36f11a77f24cb235d0ae299f4ad9db505505d05a071fc20db7f16d3f4e5f3d52cb36c98869cd75b8873a24aa7d5b54270a64eb155d5a818c2e3937e00bd5ab000c902354bd8fc71aa7830643dcf3536ca463667af50bdc5c7327e0511f2cbabd1cfd1259d148faaf421bbcfab50882ca76ef7103ed2adda9566547a0d5c759569cfd74cc0e6d20fdb79776c5282547f515c63fdf49af9b197a10c06813fcce3e960b76d311280f41b1b634ce60c8ee4c988a739af4f1352826bf072645526226dc7a54c41994fdb48b438c8ced904978ac3824c71d7bd4f221a209054438e6b4ba92e3e9f828143156a41fa41e2aa0d016b7d96648d944428d52c7070b47d8d8fa2374ca08f62d381c6ef4c9bb4c1f63e4942d0d1b2489098cd2900f3499b3ebbc1de0d25bc40f74d7b3f6c532374dadad95f1b4d5119a667adb2c9a86a3096bc5da472e3c8a62c063faca41c443aed70e045bcbf2b8034b4111f3259d90d98b5c9558c783d08dd99b6be1c3a9dbe77a5e1807bceeb6cd6e6e3973ef3c932e15dd6bc33c64680672a9dbb59ad6eeb2001681f74991aab0c6fa145f45944923b4efe63a7f48d3eea9a6f2f227c14310778a63d91b29a003993afe173c2e6ca4aa2812708f373d91e67243abe1c8301c4f19e2be86fd9d68396bcd2bed5c1ee930af285227190ba1ae0ad6bd4de2eaaa814e87b2ac461da0178c86607b043ddb54e4d6c7337f408bb2a71c901c7e1f71e40c8dc77140a469f65551cf7192e95e20f05e8f35d92832c440e217b71aa5bebc616358f7b2b12ea551b51ad1d97030786a3c44a70db1850f02a32ed7091dc52536633f0b262e89ed3001a150f61c7b04fe9274ee2871e71e1fc129fee461c3d6342a87e937ee5f42a55c3da1edb82129ed8d99136593656d67e1fb0e97533a6a137e9b3ac7f64c9648735c90776ce1e412077fba4fc76108123233e89b7fea14de096b86594c7dd2fed378337b7cf9e0bae6d3d928da15aae6aaa816dc596cd961aae9d17249d1748cd5152e0af2c46f656c2ffc9506921bff00d7e14d27274877515b0051a4e76427ecb4ecfd8c1afdf73a6665a32ee2754771224aaaac06ea9d2a0393340c7c37760787da1534f1ac3d97891a4e9dc50da85657984ae6cca283e76d55c38ec9eb29f0398fd9554fa602f2d284d0c466b362dc04766c754f1cb207d3438740f6bbaa629edfd3d53dd3fee67e54b6ed7ed159bfc3ca247f98aba068a63c4c9b7fb479aa36954fe219bc219af8a0452e4c1cc7cbc27ad8af05a358490c689fb23184c5ba83c07d81883f7470be3d8322b3e82582252d6d9c0f0f964c184ac1cc0e19116fcac5b5580fe7e792ec6ad1ce9d1f3bc4e1e09130153d4ca31b4f0e649e286004085cdc6996b30d46c04376f4014ddde3ec8de2a976675085ed5ffb6dfeaf6295aa63c181a93fbfd55ca4ce6bcf8e05297201fc573ae1c0f9156b4053ea4f25803700ef8575849113af13a78a93c91c392f5169ddcf8cea96816316cadba0014ab996c59fab791e216ac6eccde1bcc21cd3911709540e24fa2d980da35291963a01cc1b831c4145f19fcff915c7d891c4e0cb4da42c555ae4c0edb94ea47594e0f16904791fca8b8e1dcd96d40393ac7d7349c1af8b05bf50b270e755c660cf04c0fa5487fe461ee20fa057ec8a74ead56d3692666601b0024c928f06f46e5e98f636c411d63c4c7d239ea56dc552712071c872e70997aa6b4eec76468aac060eee7bb33e8340ba638f5488b9fa2fb366019e7c50ec6d3dd1013bd7c248b0cc5bbf8258e905214db0e104e5c534e1481195b156b2118dafa0ccad18ec51120024f043594dc6ee175c94742d17b1d0af6bb43aaa08b772eb4d90aa0dd8cdd07c4ee9aec2736831c81227c2546b8de798b92fdd006bce500a78d7d022b340362d703ab4e60f0c82d381db6d2e96bb71c6c418d7871566f94508d6db45fb843dc0d8b4911ad919a78b15181a47685c38de08e5aa0afbbf7a64fbaee1eac3c734b19568cd58e7d17dab2c34dd0d734e991075089e2dd22df39a432f2d707b331ebc931e0f68b6a3781ca2d3e8ba31e4b54c8ca3ea2bc59e5706df38a058d024423b8d70e3920788332ed1190118f1557b3fd5643768b7b2d119927c87ee8a6eef1086ed132fb1b37efaa8c8b401fd48e0a5d577ad1d5dd458c3929962b1414fa8f9756b01528e25030c0e6932ba098032565b81f9e0abeaf9e606688b64493333eebb500d4952753107e64a46397925686b20c238fcf05171131cd5cc7708d554d776bb9286ce3a272fba6cff000fb0e37aabf834347fb8927fe2129d4713c539f41bb342a3bfd6079347e5530fcec4cbf00d3a94b8ad549b1636110a38570263bd5b51c0193965e60aee82d59c7232dad19444731aa4fe9813201248e313dc11fc5552dfa320647141f68cd410e248267219f24326e3468e9d899fe5a64a8be98164c55f0e034db97e12fe2e9c1995cee1c51552b32be87e160a07428917e8873843cf7a9c968a459754a3bc0b7884bd099e98c903af446fbad693f74225105762e341ecbaee194ea3f216c735016d1836463078b910ff00fdb3f345a035e9b683c8cc23146a35a25c473d2c84d213f4904723eca5106e5a278c278ba24d59b2be285fb53c3ef73a7ec85ef39ce1c068ada95582e5d3dc0ff654bf104d80dd1c755a526cd189ec562736b73d48580339ab58c891f8518d7dd249b656292381b033bf82f39bacab5a2f75e88b4dbba5284af739ab0d25004e4af047103c0ac60f3e787a154345db6d32c94eab8e7a2e309044fcb271099cb25074fba8ef3818cfc82f6f6b116e48309e048e2ab0d240cb539f053a84fb69f95e69e42dee95a1ac8888cc67acfb26ae826267ada448bc3dbf63ec950b7b248eef35af62e24d1acda809ecb84db31fa879218df196c335ca2d0fdd7f5755a4d84c1f1b22d8ba72105db74c1122e0891dc6e0a86c4db13fc2a86ffa49d791e6ba71644a4f1b39251b5c911c6519f059c61ec79423388a7aaca7973b2e8e24ec058dc2c517922e2e0fb251c66667e1e2be818ac3c8234f7499b669c40852cb11e0c0151e05f87cbac74ee64eaafc50bc79af50a4b9a6fc2f1469a2c843194a4e5afba2b50c0b665469b2e39e7cad7410e8c269c69ca1582958db2fb95aaa320e5f27bd4b77eab772c3197a9c829b695be715a9adcec39f966b90380e3e5c5605941a52408526b3888578672b5bf75c6b37bedf3c56a35955368e0a1d5eab4b6844c8cbd945ec17cfcd60594b4725d7305ecac68038deebaebf28d392c62a0d1eaa721788559eff004fdd63071c3d971c60f10355273b2cb29cb9289cb21ea88a78b609b2e11cb3564775ff000bcd6f7584ad41b2a75f4caff851dd98f1f1c94dedee057a0e8470f9e48518e06f2cb3f9e0bac989b7c2571afb13afcfca9d4b380d010834326396c4c636ad11449edd316e6dfc8fc219b47090507a55cd376fb1c41699197c84c386db346b37f8914dc6d3fa49f647243ea2b5d92dc5dae8cd476e54667da1c0e8391fcad4cdbd4dd9f64f02a9c76cc22e2e3422e109af86226414f0cd923a90ae317d06f17b5a9c113a77fd9286d1da6f702d02da13a777cd11366516e0b055c2cdcf1559e56d6858c52023295e4ad3499e4afa94374c1cf87050decc7e742b9ebf2596c89a7706392e52a7ac68ad116045cdfeebcc68ce2c607a26a0912de5af1f195eea840b6a49fbae3a2623331ecad75c83c446b9dd031014ed30b9b926fc976c2da11cfe6aa56077b48939eb6468d644364d81b12bae60b0e06ddfcd4a96537b4ea549edbc4de64e7c1648164482411c3f3755b982e3427d0ff7f4568222413f34550222f39fb2262b633b245ad1de08517d971cfbfd454eb1922fcfcfe04a1380fa2cee715739f73ddcb250f99058c157bae792f122cbcbc881169788f257b63b5dcbcbcb2314968b7ecaa77d392f2f2013adb6ef81f35378127fabdd7579066479d506e9e67d941bf437fabee26179790097d3c6d4a6d1b8f7373c8db3032cb55bff00eaee2d76f35ae8d623ce179793a93aa15c5332bf1d97605c8d4ea61647e35e5c5b611190e3cf35e5e4793071465025c7e642571e2d6e23d7fbae2f2418b6a37f88dd27f1fb8f251ad4e3c27ee5797934bd019cc90794ab29ba584f71f55e5e40272b3bd14ea1ec0e300791fc15e5e59301e1f44733e8a559f99e401ef8cc2f2f268f4064482d16c8d956e102dc48f05e5e464032b9df723c977ace2bcbc91ba1c8567099e2ba29cdfd82f2f2280cffd9
3	image_1	\\xffd8ffe000104a46494600010100000100010000ffdb00840009060713131215131313161615151818181718181818181d1a1818181a1a18171817181d2820181a251f181821312125292b2e2e2e171f3338332d37282d2e2b010a0a0a0e0d0e1a10101a2d251f252d2d2d2d2d2d2d2d2d2d2d2d2d2d2d2d2d2d2d2d2d2d2d2d2d2d2d2d2d2d2d2d2d2d2d2d2d2d2d2d2d2d2d2d2d2d2d2d2d2dffc000110800d600eb03012200021101031101ffc4001b00000203010101000000000000000000000506020304010007ffc4003d100001030203040903020405050100000001000211032104314105125161061322718191a1c1f032b1d142e1235272f107146282b215334392d224ffc400190100030101010000000000000000000000010203000405ffc40027110002020203000103040300000000000000010211032112314132132251045291f0426171ffda000c03010002110311003f00a6a528200ce7db828384491acd94456b83c14dee07d9715a3ae991044dc411995c26d637c8fe5743afe61780b6595bbc2031378f9c979ae91e27cce8aab8b036e6b9bf7f9c50b35173cda7e7eca245b87f65c6ba644f783ec7c971c489d26cb5189b1e4d8c4812170bec2cab63ee3c972a7f7f1c8ac6246a0ce782b4540411ceeb3b5a04d8653a2a9d56094026e0e03e7350790222165a954103e77ae526b9ee0d682e713000456cc5d51eb5e1b64d7a8016d3744e66c0f74a6dd85b0a95001f5007d4ce0dc37901c79abb6c6d36b2ed76a4169bc702392bac518ab9320f2bba88b03a35587d5ba35cff00655bb61d49cc2d95f6d1d4bbbeeb452dbcc68037bff607eeb543f00e5316f1bb36ab2496922f95d603557d0a86d3a2fca2ff003bd61da3d1fa159d20c718b133de87d24fe2c6597f70922a8995c75654ed1c2be8bcb1e0820d8f11a10a873d45a69d32ca99a0d61c556ec4c6aaa0792e140345e2b7251eb0a8c28d96313a8eb66a00ae4d978158c4e9957b0db21eab330156ee9e2b205065e204c5f928bdc74506d7d0c58a99209f0bf0e08d9a8adae7022f0de319787eeb452a939889f25c2db08cc67cc2d7b13649af59b4ae0192e20e400bfce308c63c9d233692b66cd8fb15d5ce7bac19bbd80d4a601b270ec11b9bc46aebcfe114c4d36d2a6194c435b603e6679a5daeda8e76719ceb1e2ba5251d2473393904a960e81c8372fd22566ab84a0243c81c2447ae8b35501a223bf99f74bdb42b49d5193697422db1a69ec8a6ff00a407f12d3c7258f19b0296f6e876e3a22f920bb376b54a1f4ba66241cacb662fa465c439cd81af8f02839478ed0cb95e983b6a6cca94243da777470b8cc67c1047d5119deebe8180da6c7b60c39845c1bc08ba40e96ecb386ab2d934aa769873ef693c47d94a504f712d09f8c85179738340926de3c5356cb0dc38917a8441770e20254e8eb73a874b37cae7e7345ce26ea575a419ef435616a3ebb8c18fe63f785bab6ce00652789cd53d1873774019a3b5dabb2115c6ce593d8938d25b68581f55a739099b68e141329771b400cc47e12ca214cc4fa7ab0ee9e59792bb0bb59c0c3ac74e6a81f6555766f36d623eea2e3ea289fe4dfb5fff00d0cd3787d279f0f14a3d772c91fc0579b217b6b0f152464f13e337f9cd2df2ecac35a320aa54daa9014c38017294a963b25c666a0310dcb352de2818b095e0f51a6c24e4ac34f822620dde9cfd1686d3117267bc7e5469b22e7c14b741bfb2c806e691a293e9ded97e54c37c54434e8b18e36a4183ebaafa17433677534fad7fd7547678866727bede10953a3782ff00315994c804132ee4d6dddf8f10be8b8c326d6190ee5d18952e44734bfc4c78cabbc774699acf5b0fbb1a7e4abb094bf8cd69e67cb2459f4013c9746356ace693a14b69d021a4f2849b5e9113c79afa9ed5c28888093368e1010e6817917d7bbc6e84d6c3162c3b13d93205be1553f13a7a8445f83b19179c909c4d220e5c7d49526b43a254f18699906dafe51d6b9b8aa268bfbd87811c12cbe9f1566c4c61a75034e87d141fdaca55a2cc35234c6e6ad241f3cd4aad582b56d8643c387eacfbc21f5859256c65d0dbd16c706be09b7ba7beb4397c77058820829c767eda3ba38ae8c79295323386ec66c761b542717810ecc7c1ecbbb23a46cadbcd91bcd3922fba0b6cad16a4b44daaec47c5e1374c0d10d7b6e9a36c518bfc94b788375cf3d32b106e1ad51c143a44eec338c9f28bfb2b81edac5d22a91d5b7913eb1eca6bb2d1ed029879abd93a0b2ccd785635e832c6860f052040546f0e2ba1dc92d04d0dac654854e6a3458ac73405b403d9dfd392e758ed148d58b85015d9aa200d022602b1acd6167730111f3cd71987d04e5304947fe010e7fe1f5301d5ddfab75a07739d7fb04ceea837a0fc2847f87d068d4b41eb1a0f76edbdd6bda4fdd77aaea4f8c51cd3dcd843094ff8e5dfe83f7089065d0bd93890e00ea241e28f512089e2ad07a2325b02ed5a24e478dfedee969d48c929cf1ec9081d4a01a46a95f6642dbb0466fe083edac3682dc17d0dfb3c16181f38049db7b0fbb622e35ef4b354868ed896e610b2629a443b507d0a2d8867afcbac18d6dbc97348b2ec25b45fbd4d87ba7c42ce1b2164dbd89dca7444e6e13dc1a7f2ada356c97fd8510062c42d54f17ba87d77ba6daa2386c2899cca03176c2a6e154be0dd7d130d8886250c33c32f6566276c80237bcb556c6f8a2335c98476a6237a72cc258c6383491995dc56d5de9899d095870edde767de509bb0c551ab67d1925c502dbd88dfafbadbeec3045e4eb1c4c92132d2a15abbff00cb615bdab75950fd34c1d5c7436b0cd3ef46fa2587c13439ad152ac5eabee67fd20fd3e1e253431585e451133a33fe1f39c3acc58dd6b9a629c90f04fd2e7119117ecdf49e08dd2e8060db13d618e2ecfc826ba954653fdf82138fdacda625c4904c584fdb257e318ae89b9cdbec1eee8760f26b609b5cb8ff006592b740299bd37b87a8f55b1bd20a79de3fa7efcbbd10c2ed5a6f16769a14bf633729af441db5d19c4d00486efb06ad127c425a358fce2bed63680021e416e53af9211d2ae89d3c433aca41adaa0483fcdc8f3e691e18bf8948e77d48f94c9d4a8caf54610e2082082419e5c577779ae768e8b19a9c9bfc98bdd4dad04175e4587dc7b2ac193631bdc86632522774e73f3e792166a1a7a038b2daafa264758c96cff3324c791779237b7c6a12261314e639af618730ef09f9968be85508c4516d566445c7077ea1f392a397285119c6a5608c062cd23bf300dbe04c7b3b6bef349194da78ebdc3f29670db39d51e180c0b92780e308a9732910c03b395f33c656c391d5be85c91469c7749a8b7eade044c803787810b36d6daf876087566349008bf1c8db4e6b40c0b1fa043f68ec104582a4a53a11288cfb1d83a96b83b783da1c1dc41b823925ee92e0c39a7efe6611ed8b47abc3b29e8c000fc21db74f64ab3dc49f4cf9962a945ae81e2ddbcf6b06973ec3e70473a41b443038363b56819f7774fd92e507754c7547fd47d4f05c6ff074c57a63e9256dfa8d68fd023c4c2a767ed134fb246f37d42ca5c5ce93724f9929a363742311565d57f82c1fce3b47b99a0e663c55146d505d23353aad710e6191c3508851ad0131e13a2184a42cd7d4781f517103c843639150383a6046e016fe51f748f1d3179d8b75ab9fe6598386a651fab86a71760ef842715b3a7fedbb75da4dc7ec87413062712d044981f345af60b1f8aabd5513d5b625f508920721c4e880e2767d46be1e24b8d8e87c53bf47dada4d6b5a6d9b8f13aa7b480fa3e91b0f014e8510ca2ddda62e5c6ee79d5ce27ea71e25595dee790c6d80d380d094370bb4fac8636c3f1a23b87645f539fb2e8be5d1cfd195b820d199279fcb207b670c0cdafe997ba69c44c5b3427194a4e523e1ba7e2a854f6233d9ba797c959ea3672b1e23347f1581dd336d4e597cb2018a375cf28954c83b1cf6968249b5c939a3981db8f6589905007b647dbbd5587a84d8a9db4f43d2688f4e283457eb182d5449fea1f57b25ceb931ed93bd8793fa0823c4c14aa40426edd96c7d50d74340a5505f819f55d361cd4009fefeca453d2c0ebfdd16d87b7df862600730c6f34da7491c0e6b261764d470930c69b8273f019945a86cda2c009ed923f565e49a29adf42ca51e9ec79d9e69be9f5b4882da82c7811983cc1497b55cf0f37bca2185c754a4dec7d1fcb16f0e0a9da5b469d517690ed62e3cd3658a9255a21174cc785e91d6a56307bc7e115c374bdaeb3d90791949f8aacc691263bedea55752b30df780f14b19cd7a3b8c5f83c623a4cd02c9776cf48aa5504345b8a03531ac6e6e92b0623a4349a60ef7803ee9f9b9685e091ace044ef54749cd65c1ec6a9b41ff00c21b987a7d9df7644eb03f53b968160c356a98eaf4e837b0d79837bee892e24eb606cbec182a14f0ec6b18d0d6b0435ba0e64ea4ea552115db349b402c2746e8e0992ca7bcff00e779bf28b437b82ca76d1df870b84cbb4ab75ad0d1aa4fe91e1770b5c336d8f8a9e693bd3d020afb18f0b88ecf33f6e6b3d670172d917fb6b644fa3bb29a280793bcf7093cada05936ae15c260d8e80e5f23d57428be2992bd8231c5a5a23bf971201f99a0ee041d15f59d06e47764a06ea32a65168cb55822f71ea39acadaa69ba26d983c42215d902c50cc68919f7722a6d50eb635ec0c706bafaa76c2e3038485f1cd9fb4a33304272d81b5c1804aae39d689ce3e9f416dc2aded9d165c1e3015abad9f9a2eb4c8502369e1416fba48da8c82792fa1e3223c126edbc319952c8b43c58018545b9f204faab3251a6ecd4194451b42f46a4e807fc8258b231b77130d14f8c38fb041f742565e0b437b45cf7714c5b33640a6d152a89766d69c80cc38f13cb442fa3f8535b10c641037a5dfd2ded1d7804d5b72a5ca9c9f08dfa693df10462b15264dd17d93b27b3d6d51737630fdcfe151d18d99d6d52f75dacbf79d0777e131ed766f5b2857c18fede4c8e4953e285fdacfccf1f40956bd6ba65da4d861f4fd92a62c8924775f8a3990b0330c5824b5c018d0a8bf094cdc08e4b95e9b5c2ffbac559af6fd3da6fafeeb9ea8b265d5680022107c6d00eb11e3c0a22cc5ce7a7a2a6b41456863dd0ca5bb8bb9bb1ae20f1c87b94f98dc69b899495b1da055de8bee913cac8ff5b239a672d0ad6c62d895af7f058fa554241e042a763bcca298fa7bec846b9404ea5614e86bf7b0ac93f2569daf8705a7bbe7d907e87e34377b0e6ce6dc7305326384b5754249c11192a91f33da5460943b7c8b4a65db38620ca054f0e4cb8e435f6fbae57176593d15d6a9a20d88c40bf7ad9b42b198033b002f2ada5b0f72f58824fe906c3bcea507b0ad0bd4e93dce3b8d2e8ce04e6b631f5d9931f6bfd27f0999fd910d003780b2cfd7386b759b0d99309d2daec10049e7978a63d95d3971037e990620c5c7384bd56831f24b61dc47e155b8695f36f11a77f24cb235d0ae299f4ad9db505505d05a071fc20db7f16d3f4e5f3d52cb36c98869cd75b8873a24aa7d5b54270a64eb155d5a818c2e3937e00bd5ab000c902354bd8fc71aa7830643dcf3536ca463667af50bdc5c7327e0511f2cbabd1cfd1259d148faaf421bbcfab50882ca76ef7103ed2adda9566547a0d5c759569cfd74cc0e6d20fdb79776c5282547f515c63fdf49af9b197a10c06813fcce3e960b76d311280f41b1b634ce60c8ee4c988a739af4f1352826bf072645526226dc7a54c41994fdb48b438c8ced904978ac3824c71d7bd4f221a209054438e6b4ba92e3e9f828143156a41fa41e2aa0d016b7d96648d944428d52c7070b47d8d8fa2374ca08f62d381c6ef4c9bb4c1f63e4942d0d1b2489098cd2900f3499b3ebbc1de0d25bc40f74d7b3f6c532374dadad95f1b4d5119a667adb2c9a86a3096bc5da472e3c8a62c063faca41c443aed70e045bcbf2b8034b4111f3259d90d98b5c9558c783d08dd99b6be1c3a9dbe77a5e1807bceeb6cd6e6e3973ef3c932e15dd6bc33c64680672a9dbb59ad6eeb2001681f74991aab0c6fa145f45944923b4efe63a7f48d3eea9a6f2f227c14310778a63d91b29a003993afe173c2e6ca4aa2812708f373d91e67243abe1c8301c4f19e2be86fd9d68396bcd2bed5c1ee930af285227190ba1ae0ad6bd4de2eaaa814e87b2ac461da0178c86607b043ddb54e4d6c7337f408bb2a71c901c7e1f71e40c8dc77140a469f65551cf7192e95e20f05e8f35d92832c440e217b71aa5bebc616358f7b2b12ea551b51ad1d97030786a3c44a70db1850f02a32ed7091dc52536633f0b262e89ed3001a150f61c7b04fe9274ee2871e71e1fc129fee461c3d6342a87e937ee5f42a55c3da1edb82129ed8d99136593656d67e1fb0e97533a6a137e9b3ac7f64c9648735c90776ce1e412077fba4fc76108123233e89b7fea14de096b86594c7dd2fed378337b7cf9e0bae6d3d928da15aae6aaa816dc596cd961aae9d17249d1748cd5152e0af2c46f656c2ffc9506921bff00d7e14d27274877515b0051a4e76427ecb4ecfd8c1afdf73a6665a32ee2754771224aaaac06ea9d2a0393340c7c37760787da1534f1ac3d97891a4e9dc50da85657984ae6cca283e76d55c38ec9eb29f0398fd9554fa602f2d284d0c466b362dc04766c754f1cb207d3438740f6bbaa629edfd3d53dd3fee67e54b6ed7ed159bfc3ca247f98aba068a63c4c9b7fb479aa36954fe219bc219af8a0452e4c1cc7cbc27ad8af05a358490c689fb23184c5ba83c07d81883f7470be3d8322b3e82582252d6d9c0f0f964c184ac1cc0e19116fcac5b5580fe7e792ec6ad1ce9d1f3bc4e1e09130153d4ca31b4f0e649e286004085cdc6996b30d46c04376f4014ddde3ec8de2a976675085ed5ffb6dfeaf6295aa63c181a93fbfd55ca4ce6bcf8e05297201fc573ae1c0f9156b4053ea4f25803700ef8575849113af13a78a93c91c392f5169ddcf8cea96816316cadba0014ab996c59fab791e216ac6eccde1bcc21cd3911709540e24fa2d980da35291963a01cc1b831c4145f19fcff915c7d891c4e0cb4da42c555ae4c0edb94ea47594e0f16904791fca8b8e1dcd96d40393ac7d7349c1af8b05bf50b270e755c660cf04c0fa5487fe461ee20fa057ec8a74ead56d3692666601b0024c928f06f46e5e98f636c411d63c4c7d239ea56dc552712071c872e70997aa6b4eec76468aac060eee7bb33e8340ba638f5488b9fa2fb366019e7c50ec6d3dd1013bd7c248b0cc5bbf8258e905214db0e104e5c534e1481195b156b2118dafa0ccad18ec51120024f043594dc6ee175c94742d17b1d0af6bb43aaa08b772eb4d90aa0dd8cdd07c4ee9aec2736831c81227c2546b8de798b92fdd006bce500a78d7d022b340362d703ab4e60f0c82d381db6d2e96bb71c6c418d7871566f94508d6db45fb843dc0d8b4911ad919a78b15181a47685c38de08e5aa0afbbf7a64fbaee1eac3c734b19568cd58e7d17dab2c34dd0d734e991075089e2dd22df39a432f2d707b331ebc931e0f68b6a3781ca2d3e8ba31e4b54c8ca3ea2bc59e5706df38a058d024423b8d70e3920788332ed1190118f1557b3fd5643768b7b2d119927c87ee8a6eef1086ed132fb1b37efaa8c8b401fd48e0a5d577ad1d5dd458c3929962b1414fa8f9756b01528e25030c0e6932ba098032565b81f9e0abeaf9e606688b64493333eebb500d4952753107e64a46397925686b20c238fcf05171131cd5cc7708d554d776bb9286ce3a272fba6cff000fb0e37aabf834347fb8927fe2129d4713c539f41bb342a3bfd6079347e5530fcec4cbf00d3a94b8ad549b1636110a38570263bd5b51c0193965e60aee82d59c7232dad19444731aa4fe9813201248e313dc11fc5552dfa320647141f68cd410e248267219f24326e3468e9d899fe5a64a8be98164c55f0e034db97e12fe2e9c1995cee1c51552b32be87e160a07428917e8873843cf7a9c968a459754a3bc0b7884bd099e98c903af446fbad693f74225105762e341ecbaee194ea3f216c735016d1836463078b910ff00fdb3f345a035e9b683c8cc23146a35a25c473d2c84d213f4904723eca5106e5a278c278ba24d59b2be285fb53c3ef73a7ec85ef39ce1c068ada95582e5d3dc0ff654bf104d80dd1c755a526cd189ec562736b73d48580339ab58c891f8518d7dd249b656292381b033bf82f39bacab5a2f75e88b4dbba5284af739ab0d25004e4af047103c0ac60f3e787a154345db6d32c94eab8e7a2e309044fcb271099cb25074fba8ef3818cfc82f6f6b116e48309e048e2ab0d240cb539f053a84fb69f95e69e42dee95a1ac8888cc67acfb26ae826267ada448bc3dbf63ec950b7b248eef35af62e24d1acda809ecb84db31fa879218df196c335ca2d0fdd7f5755a4d84c1f1b22d8ba72105db74c1122e0891dc6e0a86c4db13fc2a86ffa49d791e6ba71644a4f1b39251b5c911c6519f059c61ec79423388a7aaca7973b2e8e24ec058dc2c517922e2e0fb251c66667e1e2be818ac3c8234f7499b669c40852cb11e0c0151e05f87cbac74ee64eaafc50bc79af50a4b9a6fc2f1469a2c843194a4e5afba2b50c0b665469b2e39e7cad7410e8c269c69ca1582958db2fb95aaa320e5f27bd4b77eab772c3197a9c829b695be715a9adcec39f966b90380e3e5c5605941a52408526b3888578672b5bf75c6b37bedf3c56a35955368e0a1d5eab4b6844c8cbd945ec17cfcd60594b4725d7305ecac68038deebaebf28d392c62a0d1eaa721788559eff004fdd63071c3d971c60f10355273b2cb29cb9289cb21ea88a78b609b2e11cb3564775ff000bcd6f7584ad41b2a75f4caff851dd98f1f1c94dedee057a0e8470f9e48518e06f2cb3f9e0bac989b7c2571afb13afcfca9d4b380d010834326396c4c636ad11449edd316e6dfc8fc219b47090507a55cd376fb1c41699197c84c386db346b37f8914dc6d3fa49f647243ea2b5d92dc5dae8cd476e54667da1c0e8391fcad4cdbd4dd9f64f02a9c76cc22e2e3422e109af86226414f0cd923a90ae317d06f17b5a9c113a77fd9286d1da6f702d02da13a777cd11366516e0b055c2cdcf1559e56d6858c52023295e4ad3499e4afa94374c1cf87050decc7e742b9ebf2596c89a7706392e52a7ac68ad116045cdfeebcc68ce2c607a26a0912de5af1f195eea840b6a49fbae3a2623331ecad75c83c446b9dd031014ed30b9b926fc976c2da11cfe6aa56077b48939eb6468d644364d81b12bae60b0e06ddfcd4a96537b4ea549edbc4de64e7c1648164482411c3f3755b982e3427d0ff7f4568222413f34550222f39fb2262b633b245ad1de08517d971cfbfd454eb1922fcfcfe04a1380fa2cee715739f73ddcb250f99058c157bae792f122cbcbc881169788f257b63b5dcbcbcb2314968b7ecaa77d392f2f2013adb6ef81f35378127fabdd7579066479d506e9e67d941bf437fabee26179790097d3c6d4a6d1b8f7373c8db3032cb55bff00eaee2d76f35ae8d623ce179793a93aa15c5332bf1d97605c8d4ea61647e35e5c5b611190e3cf35e5e4793071465025c7e642571e2d6e23d7fbae2f2418b6a37f88dd27f1fb8f251ad4e3c27ee5797934bd019cc90794ab29ba584f71f55e5e40272b3bd14ea1ec0e300791fc15e5e59301e1f44733e8a559f99e401ef8cc2f2f268f4064482d16c8d956e102dc48f05e5e464032b9df723c977ace2bcbc91ba1c8567099e2ba29cdfd82f2f2280cffd9
4	image_1	\\xffd8ffe000104a46494600010100000100010000ffdb00840009060713131215131313161615151818181718181818181d1a1818181a1a18171817181d2820181a251f181821312125292b2e2e2e171f3338332d37282d2e2b010a0a0a0e0d0e1a10101a2d251f252d2d2d2d2d2d2d2d2d2d2d2d2d2d2d2d2d2d2d2d2d2d2d2d2d2d2d2d2d2d2d2d2d2d2d2d2d2d2d2d2d2d2d2d2d2d2d2d2d2dffc000110800d600eb03012200021101031101ffc4001b00000203010101000000000000000000000506020304010007ffc4003d100001030203040903020405050100000001000211032104314105125161061322718191a1c1f032b1d142e1235272f107146282b215334392d224ffc400190100030101010000000000000000000000010203000405ffc40027110002020203000103040300000000000000010211032112314132132251045291f0426171ffda000c03010002110311003f00a6a528200ce7db828384491acd94456b83c14dee07d9715a3ae991044dc411995c26d637c8fe5743afe61780b6595bbc2031378f9c979ae91e27cce8aab8b036e6b9bf7f9c50b35173cda7e7eca245b87f65c6ba644f783ec7c971c489d26cb5189b1e4d8c4812170bec2cab63ee3c972a7f7f1c8ac6246a0ce782b4540411ceeb3b5a04d8653a2a9d56094026e0e03e7350790222165a954103e77ae526b9ee0d682e713000456cc5d51eb5e1b64d7a8016d3744e66c0f74a6dd85b0a95001f5007d4ce0dc37901c79abb6c6d36b2ed76a4169bc702392bac518ab9320f2bba88b03a35587d5ba35cff00655bb61d49cc2d95f6d1d4bbbeeb452dbcc68037bff607eeb543f00e5316f1bb36ab2496922f95d603557d0a86d3a2fca2ff003bd61da3d1fa159d20c718b133de87d24fe2c6597f70922a8995c75654ed1c2be8bcb1e0820d8f11a10a873d45a69d32ca99a0d61c556ec4c6aaa0792e140345e2b7251eb0a8c28d96313a8eb66a00ae4d978158c4e9957b0db21eab330156ee9e2b205065e204c5f928bdc74506d7d0c58a99209f0bf0e08d9a8adae7022f0de319787eeb452a939889f25c2db08cc67cc2d7b13649af59b4ae0192e20e400bfce308c63c9d233692b66cd8fb15d5ce7bac19bbd80d4a601b270ec11b9bc46aebcfe114c4d36d2a6194c435b603e6679a5daeda8e76719ceb1e2ba5251d2473393904a960e81c8372fd22566ab84a0243c81c2447ae8b35501a223bf99f74bdb42b49d5193697422db1a69ec8a6ff00a407f12d3c7258f19b0296f6e876e3a22f920bb376b54a1f4ba66241cacb662fa465c439cd81af8f02839478ed0cb95e983b6a6cca94243da777470b8cc67c1047d5119deebe8180da6c7b60c39845c1bc08ba40e96ecb386ab2d934aa769873ef693c47d94a504f712d09f8c85179738340926de3c5356cb0dc38917a8441770e20254e8eb73a874b37cae7e7345ce26ea575a419ef435616a3ebb8c18fe63f785bab6ce00652789cd53d1873774019a3b5dabb2115c6ce593d8938d25b68581f55a739099b68e141329771b400cc47e12ca214cc4fa7ab0ee9e59792bb0bb59c0c3ac74e6a81f6555766f36d623eea2e3ea289fe4dfb5fff00d0cd3787d279f0f14a3d772c91fc0579b217b6b0f152464f13e337f9cd2df2ecac35a320aa54daa9014c38017294a963b25c666a0310dcb352de2818b095e0f51a6c24e4ac34f822620dde9cfd1686d3117267bc7e5469b22e7c14b741bfb2c806e691a293e9ded97e54c37c54434e8b18e36a4183ebaafa17433677534fad7fd7547678866727bede10953a3782ff00315994c804132ee4d6dddf8f10be8b8c326d6190ee5d18952e44734bfc4c78cabbc774699acf5b0fbb1a7e4abb094bf8cd69e67cb2459f4013c9746356ace693a14b69d021a4f2849b5e9113c79afa9ed5c28888093368e1010e6817917d7bbc6e84d6c3162c3b13d93205be1553f13a7a8445f83b19179c909c4d220e5c7d49526b43a254f18699906dafe51d6b9b8aa268bfbd87811c12cbe9f1566c4c61a75034e87d141fdaca55a2cc35234c6e6ad241f3cd4aad582b56d8643c387eacfbc21f5859256c65d0dbd16c706be09b7ba7beb4397c77058820829c767eda3ba38ae8c79295323386ec66c761b542717810ecc7c1ecbbb23a46cadbcd91bcd3922fba0b6cad16a4b44daaec47c5e1374c0d10d7b6e9a36c518bfc94b788375cf3d32b106e1ad51c143a44eec338c9f28bfb2b81edac5d22a91d5b7913eb1eca6bb2d1ed029879abd93a0b2ccd785635e832c6860f052040546f0e2ba1dc92d04d0dac654854e6a3458ac73405b403d9dfd392e758ed148d58b85015d9aa200d022602b1acd6167730111f3cd71987d04e5304947fe010e7fe1f5301d5ddfab75a07739d7fb04ceea837a0fc2847f87d068d4b41eb1a0f76edbdd6bda4fdd77aaea4f8c51cd3dcd843094ff8e5dfe83f7089065d0bd93890e00ea241e28f512089e2ad07a2325b02ed5a24e478dfedee969d48c929cf1ec9081d4a01a46a95f6642dbb0466fe083edac3682dc17d0dfb3c16181f38049db7b0fbb622e35ef4b354868ed896e610b2629a443b507d0a2d8867afcbac18d6dbc97348b2ec25b45fbd4d87ba7c42ce1b2164dbd89dca7444e6e13dc1a7f2ada356c97fd8510062c42d54f17ba87d77ba6daa2386c2899cca03176c2a6e154be0dd7d130d8886250c33c32f6566276c80237bcb556c6f8a2335c98476a6237a72cc258c6383491995dc56d5de9899d095870edde767de509bb0c551ab67d1925c502dbd88dfafbadbeec3045e4eb1c4c92132d2a15abbff00cb615bdab75950fd34c1d5c7436b0cd3ef46fa2587c13439ad152ac5eabee67fd20fd3e1e253431585e451133a33fe1f39c3acc58dd6b9a629c90f04fd2e7119117ecdf49e08dd2e8060db13d618e2ecfc826ba954653fdf82138fdacda625c4904c584fdb257e318ae89b9cdbec1eee8760f26b609b5cb8ff006592b740299bd37b87a8f55b1bd20a79de3fa7efcbbd10c2ed5a6f16769a14bf633729af441db5d19c4d00486efb06ad127c425a358fce2bed63680021e416e53af9211d2ae89d3c433aca41adaa0483fcdc8f3e691e18bf8948e77d48f94c9d4a8caf54610e2082082419e5c577779ae768e8b19a9c9bfc98bdd4dad04175e4587dc7b2ac193631bdc86632522774e73f3e792166a1a7a038b2daafa264758c96cff3324c791779237b7c6a12261314e639af618730ef09f9968be85508c4516d566445c7077ea1f392a397285119c6a5608c062cd23bf300dbe04c7b3b6bef349194da78ebdc3f29670db39d51e180c0b92780e308a9732910c03b395f33c656c391d5be85c91469c7749a8b7eade044c803787810b36d6daf876087566349008bf1c8db4e6b40c0b1fa043f68ec104582a4a53a11288cfb1d83a96b83b783da1c1dc41b823925ee92e0c39a7efe6611ed8b47abc3b29e8c000fc21db74f64ab3dc49f4cf9962a945ae81e2ddbcf6b06973ec3e70473a41b443038363b56819f7774fd92e507754c7547fd47d4f05c6ff074c57a63e9256dfa8d68fd023c4c2a767ed134fb246f37d42ca5c5ce93724f9929a363742311565d57f82c1fce3b47b99a0e663c55146d505d23353aad710e6191c3508851ad0131e13a2184a42cd7d4781f517103c843639150383a6046e016fe51f748f1d3179d8b75ab9fe6598386a651fab86a71760ef842715b3a7fedbb75da4dc7ec87413062712d044981f345af60b1f8aabd5513d5b625f508920721c4e880e2767d46be1e24b8d8e87c53bf47dada4d6b5a6d9b8f13aa7b480fa3e91b0f014e8510ca2ddda62e5c6ee79d5ce27ea71e25595dee790c6d80d380d094370bb4fac8636c3f1a23b87645f539fb2e8be5d1cfd195b820d199279fcb207b670c0cdafe997ba69c44c5b3427194a4e523e1ba7e2a854f6233d9ba797c959ea3672b1e23347f1581dd336d4e597cb2018a375cf28954c83b1cf6968249b5c939a3981db8f6589905007b647dbbd5587a84d8a9db4f43d2688f4e283457eb182d5449fea1f57b25ceb931ed93bd8793fa0823c4c14aa40426edd96c7d50d74340a5505f819f55d361cd4009fefeca453d2c0ebfdd16d87b7df862600730c6f34da7491c0e6b261764d470930c69b8273f019945a86cda2c009ed923f565e49a29adf42ca51e9ec79d9e69be9f5b4882da82c7811983cc1497b55cf0f37bca2185c754a4dec7d1fcb16f0e0a9da5b469d517690ed62e3cd3658a9255a21174cc785e91d6a56307bc7e115c374bdaeb3d90791949f8aacc691263bedea55752b30df780f14b19cd7a3b8c5f83c623a4cd02c9776cf48aa5504345b8a03531ac6e6e92b0623a4349a60ef7803ee9f9b9685e091ace044ef54749cd65c1ec6a9b41ff00c21b987a7d9df7644eb03f53b968160c356a98eaf4e837b0d79837bee892e24eb606cbec182a14f0ec6b18d0d6b0435ba0e64ea4ea552115db349b402c2746e8e0992ca7bcff00e779bf28b437b82ca76d1df870b84cbb4ab75ad0d1aa4fe91e1770b5c336d8f8a9e693bd3d020afb18f0b88ecf33f6e6b3d670172d917fb6b644fa3bb29a280793bcf7093cada05936ae15c260d8e80e5f23d57428be2992bd8231c5a5a23bf971201f99a0ee041d15f59d06e47764a06ea32a65168cb55822f71ea39acadaa69ba26d983c42215d902c50cc68919f7722a6d50eb635ec0c706bafaa76c2e3038485f1cd9fb4a33304272d81b5c1804aae39d689ce3e9f416dc2aded9d165c1e3015abad9f9a2eb4c8502369e1416fba48da8c82792fa1e3223c126edbc319952c8b43c58018545b9f204faab3251a6ecd4194451b42f46a4e807fc8258b231b77130d14f8c38fb041f742565e0b437b45cf7714c5b33640a6d152a89766d69c80cc38f13cb442fa3f8535b10c641037a5dfd2ded1d7804d5b72a5ca9c9f08dfa693df10462b15264dd17d93b27b3d6d51737630fdcfe151d18d99d6d52f75dacbf79d0777e131ed766f5b2857c18fede4c8e4953e285fdacfccf1f40956bd6ba65da4d861f4fd92a62c8924775f8a3990b0330c5824b5c018d0a8bf094cdc08e4b95e9b5c2ffbac559af6fd3da6fafeeb9ea8b265d5680022107c6d00eb11e3c0a22cc5ce7a7a2a6b41456863dd0ca5bb8bb9bb1ae20f1c87b94f98dc69b899495b1da055de8bee913cac8ff5b239a672d0ad6c62d895af7f058fa554241e042a763bcca298fa7bec846b9404ea5614e86bf7b0ac93f2569daf8705a7bbe7d907e87e34377b0e6ce6dc7305326384b5754249c11192a91f33da5460943b7c8b4a65db38620ca054f0e4cb8e435f6fbae57176593d15d6a9a20d88c40bf7ad9b42b198033b002f2ada5b0f72f58824fe906c3bcea507b0ad0bd4e93dce3b8d2e8ce04e6b631f5d9931f6bfd27f0999fd910d003780b2cfd7386b759b0d99309d2daec10049e7978a63d95d3971037e990620c5c7384bd56831f24b61dc47e155b8695f36f11a77f24cb235d0ae299f4ad9db505505d05a071fc20db7f16d3f4e5f3d52cb36c98869cd75b8873a24aa7d5b54270a64eb155d5a818c2e3937e00bd5ab000c902354bd8fc71aa7830643dcf3536ca463667af50bdc5c7327e0511f2cbabd1cfd1259d148faaf421bbcfab50882ca76ef7103ed2adda9566547a0d5c759569cfd74cc0e6d20fdb79776c5282547f515c63fdf49af9b197a10c06813fcce3e960b76d311280f41b1b634ce60c8ee4c988a739af4f1352826bf072645526226dc7a54c41994fdb48b438c8ced904978ac3824c71d7bd4f221a209054438e6b4ba92e3e9f828143156a41fa41e2aa0d016b7d96648d944428d52c7070b47d8d8fa2374ca08f62d381c6ef4c9bb4c1f63e4942d0d1b2489098cd2900f3499b3ebbc1de0d25bc40f74d7b3f6c532374dadad95f1b4d5119a667adb2c9a86a3096bc5da472e3c8a62c063faca41c443aed70e045bcbf2b8034b4111f3259d90d98b5c9558c783d08dd99b6be1c3a9dbe77a5e1807bceeb6cd6e6e3973ef3c932e15dd6bc33c64680672a9dbb59ad6eeb2001681f74991aab0c6fa145f45944923b4efe63a7f48d3eea9a6f2f227c14310778a63d91b29a003993afe173c2e6ca4aa2812708f373d91e67243abe1c8301c4f19e2be86fd9d68396bcd2bed5c1ee930af285227190ba1ae0ad6bd4de2eaaa814e87b2ac461da0178c86607b043ddb54e4d6c7337f408bb2a71c901c7e1f71e40c8dc77140a469f65551cf7192e95e20f05e8f35d92832c440e217b71aa5bebc616358f7b2b12ea551b51ad1d97030786a3c44a70db1850f02a32ed7091dc52536633f0b262e89ed3001a150f61c7b04fe9274ee2871e71e1fc129fee461c3d6342a87e937ee5f42a55c3da1edb82129ed8d99136593656d67e1fb0e97533a6a137e9b3ac7f64c9648735c90776ce1e412077fba4fc76108123233e89b7fea14de096b86594c7dd2fed378337b7cf9e0bae6d3d928da15aae6aaa816dc596cd961aae9d17249d1748cd5152e0af2c46f656c2ffc9506921bff00d7e14d27274877515b0051a4e76427ecb4ecfd8c1afdf73a6665a32ee2754771224aaaac06ea9d2a0393340c7c37760787da1534f1ac3d97891a4e9dc50da85657984ae6cca283e76d55c38ec9eb29f0398fd9554fa602f2d284d0c466b362dc04766c754f1cb207d3438740f6bbaa629edfd3d53dd3fee67e54b6ed7ed159bfc3ca247f98aba068a63c4c9b7fb479aa36954fe219bc219af8a0452e4c1cc7cbc27ad8af05a358490c689fb23184c5ba83c07d81883f7470be3d8322b3e82582252d6d9c0f0f964c184ac1cc0e19116fcac5b5580fe7e792ec6ad1ce9d1f3bc4e1e09130153d4ca31b4f0e649e286004085cdc6996b30d46c04376f4014ddde3ec8de2a976675085ed5ffb6dfeaf6295aa63c181a93fbfd55ca4ce6bcf8e05297201fc573ae1c0f9156b4053ea4f25803700ef8575849113af13a78a93c91c392f5169ddcf8cea96816316cadba0014ab996c59fab791e216ac6eccde1bcc21cd3911709540e24fa2d980da35291963a01cc1b831c4145f19fcff915c7d891c4e0cb4da42c555ae4c0edb94ea47594e0f16904791fca8b8e1dcd96d40393ac7d7349c1af8b05bf50b270e755c660cf04c0fa5487fe461ee20fa057ec8a74ead56d3692666601b0024c928f06f46e5e98f636c411d63c4c7d239ea56dc552712071c872e70997aa6b4eec76468aac060eee7bb33e8340ba638f5488b9fa2fb366019e7c50ec6d3dd1013bd7c248b0cc5bbf8258e905214db0e104e5c534e1481195b156b2118dafa0ccad18ec51120024f043594dc6ee175c94742d17b1d0af6bb43aaa08b772eb4d90aa0dd8cdd07c4ee9aec2736831c81227c2546b8de798b92fdd006bce500a78d7d022b340362d703ab4e60f0c82d381db6d2e96bb71c6c418d7871566f94508d6db45fb843dc0d8b4911ad919a78b15181a47685c38de08e5aa0afbbf7a64fbaee1eac3c734b19568cd58e7d17dab2c34dd0d734e991075089e2dd22df39a432f2d707b331ebc931e0f68b6a3781ca2d3e8ba31e4b54c8ca3ea2bc59e5706df38a058d024423b8d70e3920788332ed1190118f1557b3fd5643768b7b2d119927c87ee8a6eef1086ed132fb1b37efaa8c8b401fd48e0a5d577ad1d5dd458c3929962b1414fa8f9756b01528e25030c0e6932ba098032565b81f9e0abeaf9e606688b64493333eebb500d4952753107e64a46397925686b20c238fcf05171131cd5cc7708d554d776bb9286ce3a272fba6cff000fb0e37aabf834347fb8927fe2129d4713c539f41bb342a3bfd6079347e5530fcec4cbf00d3a94b8ad549b1636110a38570263bd5b51c0193965e60aee82d59c7232dad19444731aa4fe9813201248e313dc11fc5552dfa320647141f68cd410e248267219f24326e3468e9d899fe5a64a8be98164c55f0e034db97e12fe2e9c1995cee1c51552b32be87e160a07428917e8873843cf7a9c968a459754a3bc0b7884bd099e98c903af446fbad693f74225105762e341ecbaee194ea3f216c735016d1836463078b910ff00fdb3f345a035e9b683c8cc23146a35a25c473d2c84d213f4904723eca5106e5a278c278ba24d59b2be285fb53c3ef73a7ec85ef39ce1c068ada95582e5d3dc0ff654bf104d80dd1c755a526cd189ec562736b73d48580339ab58c891f8518d7dd249b656292381b033bf82f39bacab5a2f75e88b4dbba5284af739ab0d25004e4af047103c0ac60f3e787a154345db6d32c94eab8e7a2e309044fcb271099cb25074fba8ef3818cfc82f6f6b116e48309e048e2ab0d240cb539f053a84fb69f95e69e42dee95a1ac8888cc67acfb26ae826267ada448bc3dbf63ec950b7b248eef35af62e24d1acda809ecb84db31fa879218df196c335ca2d0fdd7f5755a4d84c1f1b22d8ba72105db74c1122e0891dc6e0a86c4db13fc2a86ffa49d791e6ba71644a4f1b39251b5c911c6519f059c61ec79423388a7aaca7973b2e8e24ec058dc2c517922e2e0fb251c66667e1e2be818ac3c8234f7499b669c40852cb11e0c0151e05f87cbac74ee64eaafc50bc79af50a4b9a6fc2f1469a2c843194a4e5afba2b50c0b665469b2e39e7cad7410e8c269c69ca1582958db2fb95aaa320e5f27bd4b77eab772c3197a9c829b695be715a9adcec39f966b90380e3e5c5605941a52408526b3888578672b5bf75c6b37bedf3c56a35955368e0a1d5eab4b6844c8cbd945ec17cfcd60594b4725d7305ecac68038deebaebf28d392c62a0d1eaa721788559eff004fdd63071c3d971c60f10355273b2cb29cb9289cb21ea88a78b609b2e11cb3564775ff000bcd6f7584ad41b2a75f4caff851dd98f1f1c94dedee057a0e8470f9e48518e06f2cb3f9e0bac989b7c2571afb13afcfca9d4b380d010834326396c4c636ad11449edd316e6dfc8fc219b47090507a55cd376fb1c41699197c84c386db346b37f8914dc6d3fa49f647243ea2b5d92dc5dae8cd476e54667da1c0e8391fcad4cdbd4dd9f64f02a9c76cc22e2e3422e109af86226414f0cd923a90ae317d06f17b5a9c113a77fd9286d1da6f702d02da13a777cd11366516e0b055c2cdcf1559e56d6858c52023295e4ad3499e4afa94374c1cf87050decc7e742b9ebf2596c89a7706392e52a7ac68ad116045cdfeebcc68ce2c607a26a0912de5af1f195eea840b6a49fbae3a2623331ecad75c83c446b9dd031014ed30b9b926fc976c2da11cfe6aa56077b48939eb6468d644364d81b12bae60b0e06ddfcd4a96537b4ea549edbc4de64e7c1648164482411c3f3755b982e3427d0ff7f4568222413f34550222f39fb2262b633b245ad1de08517d971cfbfd454eb1922fcfcfe04a1380fa2cee715739f73ddcb250f99058c157bae792f122cbcbc881169788f257b63b5dcbcbcb2314968b7ecaa77d392f2f2013adb6ef81f35378127fabdd7579066479d506e9e67d941bf437fabee26179790097d3c6d4a6d1b8f7373c8db3032cb55bff00eaee2d76f35ae8d623ce179793a93aa15c5332bf1d97605c8d4ea61647e35e5c5b611190e3cf35e5e4793071465025c7e642571e2d6e23d7fbae2f2418b6a37f88dd27f1fb8f251ad4e3c27ee5797934bd019cc90794ab29ba584f71f55e5e40272b3bd14ea1ec0e300791fc15e5e59301e1f44733e8a559f99e401ef8cc2f2f268f4064482d16c8d956e102dc48f05e5e464032b9df723c977ace2bcbc91ba1c8567099e2ba29cdfd82f2f2280cffd9
5	image_1	\\xffd8ffe000104a46494600010100000100010000ffdb00840009060713131215131313161615151818181718181818181d1a1818181a1a18171817181d2820181a251f181821312125292b2e2e2e171f3338332d37282d2e2b010a0a0a0e0d0e1a10101a2d251f252d2d2d2d2d2d2d2d2d2d2d2d2d2d2d2d2d2d2d2d2d2d2d2d2d2d2d2d2d2d2d2d2d2d2d2d2d2d2d2d2d2d2d2d2d2d2d2d2d2dffc000110800d600eb03012200021101031101ffc4001b00000203010101000000000000000000000506020304010007ffc4003d100001030203040903020405050100000001000211032104314105125161061322718191a1c1f032b1d142e1235272f107146282b215334392d224ffc400190100030101010000000000000000000000010203000405ffc40027110002020203000103040300000000000000010211032112314132132251045291f0426171ffda000c03010002110311003f00a6a528200ce7db828384491acd94456b83c14dee07d9715a3ae991044dc411995c26d637c8fe5743afe61780b6595bbc2031378f9c979ae91e27cce8aab8b036e6b9bf7f9c50b35173cda7e7eca245b87f65c6ba644f783ec7c971c489d26cb5189b1e4d8c4812170bec2cab63ee3c972a7f7f1c8ac6246a0ce782b4540411ceeb3b5a04d8653a2a9d56094026e0e03e7350790222165a954103e77ae526b9ee0d682e713000456cc5d51eb5e1b64d7a8016d3744e66c0f74a6dd85b0a95001f5007d4ce0dc37901c79abb6c6d36b2ed76a4169bc702392bac518ab9320f2bba88b03a35587d5ba35cff00655bb61d49cc2d95f6d1d4bbbeeb452dbcc68037bff607eeb543f00e5316f1bb36ab2496922f95d603557d0a86d3a2fca2ff003bd61da3d1fa159d20c718b133de87d24fe2c6597f70922a8995c75654ed1c2be8bcb1e0820d8f11a10a873d45a69d32ca99a0d61c556ec4c6aaa0792e140345e2b7251eb0a8c28d96313a8eb66a00ae4d978158c4e9957b0db21eab330156ee9e2b205065e204c5f928bdc74506d7d0c58a99209f0bf0e08d9a8adae7022f0de319787eeb452a939889f25c2db08cc67cc2d7b13649af59b4ae0192e20e400bfce308c63c9d233692b66cd8fb15d5ce7bac19bbd80d4a601b270ec11b9bc46aebcfe114c4d36d2a6194c435b603e6679a5daeda8e76719ceb1e2ba5251d2473393904a960e81c8372fd22566ab84a0243c81c2447ae8b35501a223bf99f74bdb42b49d5193697422db1a69ec8a6ff00a407f12d3c7258f19b0296f6e876e3a22f920bb376b54a1f4ba66241cacb662fa465c439cd81af8f02839478ed0cb95e983b6a6cca94243da777470b8cc67c1047d5119deebe8180da6c7b60c39845c1bc08ba40e96ecb386ab2d934aa769873ef693c47d94a504f712d09f8c85179738340926de3c5356cb0dc38917a8441770e20254e8eb73a874b37cae7e7345ce26ea575a419ef435616a3ebb8c18fe63f785bab6ce00652789cd53d1873774019a3b5dabb2115c6ce593d8938d25b68581f55a739099b68e141329771b400cc47e12ca214cc4fa7ab0ee9e59792bb0bb59c0c3ac74e6a81f6555766f36d623eea2e3ea289fe4dfb5fff00d0cd3787d279f0f14a3d772c91fc0579b217b6b0f152464f13e337f9cd2df2ecac35a320aa54daa9014c38017294a963b25c666a0310dcb352de2818b095e0f51a6c24e4ac34f822620dde9cfd1686d3117267bc7e5469b22e7c14b741bfb2c806e691a293e9ded97e54c37c54434e8b18e36a4183ebaafa17433677534fad7fd7547678866727bede10953a3782ff00315994c804132ee4d6dddf8f10be8b8c326d6190ee5d18952e44734bfc4c78cabbc774699acf5b0fbb1a7e4abb094bf8cd69e67cb2459f4013c9746356ace693a14b69d021a4f2849b5e9113c79afa9ed5c28888093368e1010e6817917d7bbc6e84d6c3162c3b13d93205be1553f13a7a8445f83b19179c909c4d220e5c7d49526b43a254f18699906dafe51d6b9b8aa268bfbd87811c12cbe9f1566c4c61a75034e87d141fdaca55a2cc35234c6e6ad241f3cd4aad582b56d8643c387eacfbc21f5859256c65d0dbd16c706be09b7ba7beb4397c77058820829c767eda3ba38ae8c79295323386ec66c761b542717810ecc7c1ecbbb23a46cadbcd91bcd3922fba0b6cad16a4b44daaec47c5e1374c0d10d7b6e9a36c518bfc94b788375cf3d32b106e1ad51c143a44eec338c9f28bfb2b81edac5d22a91d5b7913eb1eca6bb2d1ed029879abd93a0b2ccd785635e832c6860f052040546f0e2ba1dc92d04d0dac654854e6a3458ac73405b403d9dfd392e758ed148d58b85015d9aa200d022602b1acd6167730111f3cd71987d04e5304947fe010e7fe1f5301d5ddfab75a07739d7fb04ceea837a0fc2847f87d068d4b41eb1a0f76edbdd6bda4fdd77aaea4f8c51cd3dcd843094ff8e5dfe83f7089065d0bd93890e00ea241e28f512089e2ad07a2325b02ed5a24e478dfedee969d48c929cf1ec9081d4a01a46a95f6642dbb0466fe083edac3682dc17d0dfb3c16181f38049db7b0fbb622e35ef4b354868ed896e610b2629a443b507d0a2d8867afcbac18d6dbc97348b2ec25b45fbd4d87ba7c42ce1b2164dbd89dca7444e6e13dc1a7f2ada356c97fd8510062c42d54f17ba87d77ba6daa2386c2899cca03176c2a6e154be0dd7d130d8886250c33c32f6566276c80237bcb556c6f8a2335c98476a6237a72cc258c6383491995dc56d5de9899d095870edde767de509bb0c551ab67d1925c502dbd88dfafbadbeec3045e4eb1c4c92132d2a15abbff00cb615bdab75950fd34c1d5c7436b0cd3ef46fa2587c13439ad152ac5eabee67fd20fd3e1e253431585e451133a33fe1f39c3acc58dd6b9a629c90f04fd2e7119117ecdf49e08dd2e8060db13d618e2ecfc826ba954653fdf82138fdacda625c4904c584fdb257e318ae89b9cdbec1eee8760f26b609b5cb8ff006592b740299bd37b87a8f55b1bd20a79de3fa7efcbbd10c2ed5a6f16769a14bf633729af441db5d19c4d00486efb06ad127c425a358fce2bed63680021e416e53af9211d2ae89d3c433aca41adaa0483fcdc8f3e691e18bf8948e77d48f94c9d4a8caf54610e2082082419e5c577779ae768e8b19a9c9bfc98bdd4dad04175e4587dc7b2ac193631bdc86632522774e73f3e792166a1a7a038b2daafa264758c96cff3324c791779237b7c6a12261314e639af618730ef09f9968be85508c4516d566445c7077ea1f392a397285119c6a5608c062cd23bf300dbe04c7b3b6bef349194da78ebdc3f29670db39d51e180c0b92780e308a9732910c03b395f33c656c391d5be85c91469c7749a8b7eade044c803787810b36d6daf876087566349008bf1c8db4e6b40c0b1fa043f68ec104582a4a53a11288cfb1d83a96b83b783da1c1dc41b823925ee92e0c39a7efe6611ed8b47abc3b29e8c000fc21db74f64ab3dc49f4cf9962a945ae81e2ddbcf6b06973ec3e70473a41b443038363b56819f7774fd92e507754c7547fd47d4f05c6ff074c57a63e9256dfa8d68fd023c4c2a767ed134fb246f37d42ca5c5ce93724f9929a363742311565d57f82c1fce3b47b99a0e663c55146d505d23353aad710e6191c3508851ad0131e13a2184a42cd7d4781f517103c843639150383a6046e016fe51f748f1d3179d8b75ab9fe6598386a651fab86a71760ef842715b3a7fedbb75da4dc7ec87413062712d044981f345af60b1f8aabd5513d5b625f508920721c4e880e2767d46be1e24b8d8e87c53bf47dada4d6b5a6d9b8f13aa7b480fa3e91b0f014e8510ca2ddda62e5c6ee79d5ce27ea71e25595dee790c6d80d380d094370bb4fac8636c3f1a23b87645f539fb2e8be5d1cfd195b820d199279fcb207b670c0cdafe997ba69c44c5b3427194a4e523e1ba7e2a854f6233d9ba797c959ea3672b1e23347f1581dd336d4e597cb2018a375cf28954c83b1cf6968249b5c939a3981db8f6589905007b647dbbd5587a84d8a9db4f43d2688f4e283457eb182d5449fea1f57b25ceb931ed93bd8793fa0823c4c14aa40426edd96c7d50d74340a5505f819f55d361cd4009fefeca453d2c0ebfdd16d87b7df862600730c6f34da7491c0e6b261764d470930c69b8273f019945a86cda2c009ed923f565e49a29adf42ca51e9ec79d9e69be9f5b4882da82c7811983cc1497b55cf0f37bca2185c754a4dec7d1fcb16f0e0a9da5b469d517690ed62e3cd3658a9255a21174cc785e91d6a56307bc7e115c374bdaeb3d90791949f8aacc691263bedea55752b30df780f14b19cd7a3b8c5f83c623a4cd02c9776cf48aa5504345b8a03531ac6e6e92b0623a4349a60ef7803ee9f9b9685e091ace044ef54749cd65c1ec6a9b41ff00c21b987a7d9df7644eb03f53b968160c356a98eaf4e837b0d79837bee892e24eb606cbec182a14f0ec6b18d0d6b0435ba0e64ea4ea552115db349b402c2746e8e0992ca7bcff00e779bf28b437b82ca76d1df870b84cbb4ab75ad0d1aa4fe91e1770b5c336d8f8a9e693bd3d020afb18f0b88ecf33f6e6b3d670172d917fb6b644fa3bb29a280793bcf7093cada05936ae15c260d8e80e5f23d57428be2992bd8231c5a5a23bf971201f99a0ee041d15f59d06e47764a06ea32a65168cb55822f71ea39acadaa69ba26d983c42215d902c50cc68919f7722a6d50eb635ec0c706bafaa76c2e3038485f1cd9fb4a33304272d81b5c1804aae39d689ce3e9f416dc2aded9d165c1e3015abad9f9a2eb4c8502369e1416fba48da8c82792fa1e3223c126edbc319952c8b43c58018545b9f204faab3251a6ecd4194451b42f46a4e807fc8258b231b77130d14f8c38fb041f742565e0b437b45cf7714c5b33640a6d152a89766d69c80cc38f13cb442fa3f8535b10c641037a5dfd2ded1d7804d5b72a5ca9c9f08dfa693df10462b15264dd17d93b27b3d6d51737630fdcfe151d18d99d6d52f75dacbf79d0777e131ed766f5b2857c18fede4c8e4953e285fdacfccf1f40956bd6ba65da4d861f4fd92a62c8924775f8a3990b0330c5824b5c018d0a8bf094cdc08e4b95e9b5c2ffbac559af6fd3da6fafeeb9ea8b265d5680022107c6d00eb11e3c0a22cc5ce7a7a2a6b41456863dd0ca5bb8bb9bb1ae20f1c87b94f98dc69b899495b1da055de8bee913cac8ff5b239a672d0ad6c62d895af7f058fa554241e042a763bcca298fa7bec846b9404ea5614e86bf7b0ac93f2569daf8705a7bbe7d907e87e34377b0e6ce6dc7305326384b5754249c11192a91f33da5460943b7c8b4a65db38620ca054f0e4cb8e435f6fbae57176593d15d6a9a20d88c40bf7ad9b42b198033b002f2ada5b0f72f58824fe906c3bcea507b0ad0bd4e93dce3b8d2e8ce04e6b631f5d9931f6bfd27f0999fd910d003780b2cfd7386b759b0d99309d2daec10049e7978a63d95d3971037e990620c5c7384bd56831f24b61dc47e155b8695f36f11a77f24cb235d0ae299f4ad9db505505d05a071fc20db7f16d3f4e5f3d52cb36c98869cd75b8873a24aa7d5b54270a64eb155d5a818c2e3937e00bd5ab000c902354bd8fc71aa7830643dcf3536ca463667af50bdc5c7327e0511f2cbabd1cfd1259d148faaf421bbcfab50882ca76ef7103ed2adda9566547a0d5c759569cfd74cc0e6d20fdb79776c5282547f515c63fdf49af9b197a10c06813fcce3e960b76d311280f41b1b634ce60c8ee4c988a739af4f1352826bf072645526226dc7a54c41994fdb48b438c8ced904978ac3824c71d7bd4f221a209054438e6b4ba92e3e9f828143156a41fa41e2aa0d016b7d96648d944428d52c7070b47d8d8fa2374ca08f62d381c6ef4c9bb4c1f63e4942d0d1b2489098cd2900f3499b3ebbc1de0d25bc40f74d7b3f6c532374dadad95f1b4d5119a667adb2c9a86a3096bc5da472e3c8a62c063faca41c443aed70e045bcbf2b8034b4111f3259d90d98b5c9558c783d08dd99b6be1c3a9dbe77a5e1807bceeb6cd6e6e3973ef3c932e15dd6bc33c64680672a9dbb59ad6eeb2001681f74991aab0c6fa145f45944923b4efe63a7f48d3eea9a6f2f227c14310778a63d91b29a003993afe173c2e6ca4aa2812708f373d91e67243abe1c8301c4f19e2be86fd9d68396bcd2bed5c1ee930af285227190ba1ae0ad6bd4de2eaaa814e87b2ac461da0178c86607b043ddb54e4d6c7337f408bb2a71c901c7e1f71e40c8dc77140a469f65551cf7192e95e20f05e8f35d92832c440e217b71aa5bebc616358f7b2b12ea551b51ad1d97030786a3c44a70db1850f02a32ed7091dc52536633f0b262e89ed3001a150f61c7b04fe9274ee2871e71e1fc129fee461c3d6342a87e937ee5f42a55c3da1edb82129ed8d99136593656d67e1fb0e97533a6a137e9b3ac7f64c9648735c90776ce1e412077fba4fc76108123233e89b7fea14de096b86594c7dd2fed378337b7cf9e0bae6d3d928da15aae6aaa816dc596cd961aae9d17249d1748cd5152e0af2c46f656c2ffc9506921bff00d7e14d27274877515b0051a4e76427ecb4ecfd8c1afdf73a6665a32ee2754771224aaaac06ea9d2a0393340c7c37760787da1534f1ac3d97891a4e9dc50da85657984ae6cca283e76d55c38ec9eb29f0398fd9554fa602f2d284d0c466b362dc04766c754f1cb207d3438740f6bbaa629edfd3d53dd3fee67e54b6ed7ed159bfc3ca247f98aba068a63c4c9b7fb479aa36954fe219bc219af8a0452e4c1cc7cbc27ad8af05a358490c689fb23184c5ba83c07d81883f7470be3d8322b3e82582252d6d9c0f0f964c184ac1cc0e19116fcac5b5580fe7e792ec6ad1ce9d1f3bc4e1e09130153d4ca31b4f0e649e286004085cdc6996b30d46c04376f4014ddde3ec8de2a976675085ed5ffb6dfeaf6295aa63c181a93fbfd55ca4ce6bcf8e05297201fc573ae1c0f9156b4053ea4f25803700ef8575849113af13a78a93c91c392f5169ddcf8cea96816316cadba0014ab996c59fab791e216ac6eccde1bcc21cd3911709540e24fa2d980da35291963a01cc1b831c4145f19fcff915c7d891c4e0cb4da42c555ae4c0edb94ea47594e0f16904791fca8b8e1dcd96d40393ac7d7349c1af8b05bf50b270e755c660cf04c0fa5487fe461ee20fa057ec8a74ead56d3692666601b0024c928f06f46e5e98f636c411d63c4c7d239ea56dc552712071c872e70997aa6b4eec76468aac060eee7bb33e8340ba638f5488b9fa2fb366019e7c50ec6d3dd1013bd7c248b0cc5bbf8258e905214db0e104e5c534e1481195b156b2118dafa0ccad18ec51120024f043594dc6ee175c94742d17b1d0af6bb43aaa08b772eb4d90aa0dd8cdd07c4ee9aec2736831c81227c2546b8de798b92fdd006bce500a78d7d022b340362d703ab4e60f0c82d381db6d2e96bb71c6c418d7871566f94508d6db45fb843dc0d8b4911ad919a78b15181a47685c38de08e5aa0afbbf7a64fbaee1eac3c734b19568cd58e7d17dab2c34dd0d734e991075089e2dd22df39a432f2d707b331ebc931e0f68b6a3781ca2d3e8ba31e4b54c8ca3ea2bc59e5706df38a058d024423b8d70e3920788332ed1190118f1557b3fd5643768b7b2d119927c87ee8a6eef1086ed132fb1b37efaa8c8b401fd48e0a5d577ad1d5dd458c3929962b1414fa8f9756b01528e25030c0e6932ba098032565b81f9e0abeaf9e606688b64493333eebb500d4952753107e64a46397925686b20c238fcf05171131cd5cc7708d554d776bb9286ce3a272fba6cff000fb0e37aabf834347fb8927fe2129d4713c539f41bb342a3bfd6079347e5530fcec4cbf00d3a94b8ad549b1636110a38570263bd5b51c0193965e60aee82d59c7232dad19444731aa4fe9813201248e313dc11fc5552dfa320647141f68cd410e248267219f24326e3468e9d899fe5a64a8be98164c55f0e034db97e12fe2e9c1995cee1c51552b32be87e160a07428917e8873843cf7a9c968a459754a3bc0b7884bd099e98c903af446fbad693f74225105762e341ecbaee194ea3f216c735016d1836463078b910ff00fdb3f345a035e9b683c8cc23146a35a25c473d2c84d213f4904723eca5106e5a278c278ba24d59b2be285fb53c3ef73a7ec85ef39ce1c068ada95582e5d3dc0ff654bf104d80dd1c755a526cd189ec562736b73d48580339ab58c891f8518d7dd249b656292381b033bf82f39bacab5a2f75e88b4dbba5284af739ab0d25004e4af047103c0ac60f3e787a154345db6d32c94eab8e7a2e309044fcb271099cb25074fba8ef3818cfc82f6f6b116e48309e048e2ab0d240cb539f053a84fb69f95e69e42dee95a1ac8888cc67acfb26ae826267ada448bc3dbf63ec950b7b248eef35af62e24d1acda809ecb84db31fa879218df196c335ca2d0fdd7f5755a4d84c1f1b22d8ba72105db74c1122e0891dc6e0a86c4db13fc2a86ffa49d791e6ba71644a4f1b39251b5c911c6519f059c61ec79423388a7aaca7973b2e8e24ec058dc2c517922e2e0fb251c66667e1e2be818ac3c8234f7499b669c40852cb11e0c0151e05f87cbac74ee64eaafc50bc79af50a4b9a6fc2f1469a2c843194a4e5afba2b50c0b665469b2e39e7cad7410e8c269c69ca1582958db2fb95aaa320e5f27bd4b77eab772c3197a9c829b695be715a9adcec39f966b90380e3e5c5605941a52408526b3888578672b5bf75c6b37bedf3c56a35955368e0a1d5eab4b6844c8cbd945ec17cfcd60594b4725d7305ecac68038deebaebf28d392c62a0d1eaa721788559eff004fdd63071c3d971c60f10355273b2cb29cb9289cb21ea88a78b609b2e11cb3564775ff000bcd6f7584ad41b2a75f4caff851dd98f1f1c94dedee057a0e8470f9e48518e06f2cb3f9e0bac989b7c2571afb13afcfca9d4b380d010834326396c4c636ad11449edd316e6dfc8fc219b47090507a55cd376fb1c41699197c84c386db346b37f8914dc6d3fa49f647243ea2b5d92dc5dae8cd476e54667da1c0e8391fcad4cdbd4dd9f64f02a9c76cc22e2e3422e109af86226414f0cd923a90ae317d06f17b5a9c113a77fd9286d1da6f702d02da13a777cd11366516e0b055c2cdcf1559e56d6858c52023295e4ad3499e4afa94374c1cf87050decc7e742b9ebf2596c89a7706392e52a7ac68ad116045cdfeebcc68ce2c607a26a0912de5af1f195eea840b6a49fbae3a2623331ecad75c83c446b9dd031014ed30b9b926fc976c2da11cfe6aa56077b48939eb6468d644364d81b12bae60b0e06ddfcd4a96537b4ea549edbc4de64e7c1648164482411c3f3755b982e3427d0ff7f4568222413f34550222f39fb2262b633b245ad1de08517d971cfbfd454eb1922fcfcfe04a1380fa2cee715739f73ddcb250f99058c157bae792f122cbcbc881169788f257b63b5dcbcbcb2314968b7ecaa77d392f2f2013adb6ef81f35378127fabdd7579066479d506e9e67d941bf437fabee26179790097d3c6d4a6d1b8f7373c8db3032cb55bff00eaee2d76f35ae8d623ce179793a93aa15c5332bf1d97605c8d4ea61647e35e5c5b611190e3cf35e5e4793071465025c7e642571e2d6e23d7fbae2f2418b6a37f88dd27f1fb8f251ad4e3c27ee5797934bd019cc90794ab29ba584f71f55e5e40272b3bd14ea1ec0e300791fc15e5e59301e1f44733e8a559f99e401ef8cc2f2f268f4064482d16c8d956e102dc48f05e5e464032b9df723c977ace2bcbc91ba1c8567099e2ba29cdfd82f2f2280cffd9
6	image_1	\\xffd8ffe000104a46494600010100000100010000ffdb00840009060713131215131313161615151818181718181818181d1a1818181a1a18171817181d2820181a251f181821312125292b2e2e2e171f3338332d37282d2e2b010a0a0a0e0d0e1a10101a2d251f252d2d2d2d2d2d2d2d2d2d2d2d2d2d2d2d2d2d2d2d2d2d2d2d2d2d2d2d2d2d2d2d2d2d2d2d2d2d2d2d2d2d2d2d2d2d2d2d2d2dffc000110800d600eb03012200021101031101ffc4001b00000203010101000000000000000000000506020304010007ffc4003d100001030203040903020405050100000001000211032104314105125161061322718191a1c1f032b1d142e1235272f107146282b215334392d224ffc400190100030101010000000000000000000000010203000405ffc40027110002020203000103040300000000000000010211032112314132132251045291f0426171ffda000c03010002110311003f00a6a528200ce7db828384491acd94456b83c14dee07d9715a3ae991044dc411995c26d637c8fe5743afe61780b6595bbc2031378f9c979ae91e27cce8aab8b036e6b9bf7f9c50b35173cda7e7eca245b87f65c6ba644f783ec7c971c489d26cb5189b1e4d8c4812170bec2cab63ee3c972a7f7f1c8ac6246a0ce782b4540411ceeb3b5a04d8653a2a9d56094026e0e03e7350790222165a954103e77ae526b9ee0d682e713000456cc5d51eb5e1b64d7a8016d3744e66c0f74a6dd85b0a95001f5007d4ce0dc37901c79abb6c6d36b2ed76a4169bc702392bac518ab9320f2bba88b03a35587d5ba35cff00655bb61d49cc2d95f6d1d4bbbeeb452dbcc68037bff607eeb543f00e5316f1bb36ab2496922f95d603557d0a86d3a2fca2ff003bd61da3d1fa159d20c718b133de87d24fe2c6597f70922a8995c75654ed1c2be8bcb1e0820d8f11a10a873d45a69d32ca99a0d61c556ec4c6aaa0792e140345e2b7251eb0a8c28d96313a8eb66a00ae4d978158c4e9957b0db21eab330156ee9e2b205065e204c5f928bdc74506d7d0c58a99209f0bf0e08d9a8adae7022f0de319787eeb452a939889f25c2db08cc67cc2d7b13649af59b4ae0192e20e400bfce308c63c9d233692b66cd8fb15d5ce7bac19bbd80d4a601b270ec11b9bc46aebcfe114c4d36d2a6194c435b603e6679a5daeda8e76719ceb1e2ba5251d2473393904a960e81c8372fd22566ab84a0243c81c2447ae8b35501a223bf99f74bdb42b49d5193697422db1a69ec8a6ff00a407f12d3c7258f19b0296f6e876e3a22f920bb376b54a1f4ba66241cacb662fa465c439cd81af8f02839478ed0cb95e983b6a6cca94243da777470b8cc67c1047d5119deebe8180da6c7b60c39845c1bc08ba40e96ecb386ab2d934aa769873ef693c47d94a504f712d09f8c85179738340926de3c5356cb0dc38917a8441770e20254e8eb73a874b37cae7e7345ce26ea575a419ef435616a3ebb8c18fe63f785bab6ce00652789cd53d1873774019a3b5dabb2115c6ce593d8938d25b68581f55a739099b68e141329771b400cc47e12ca214cc4fa7ab0ee9e59792bb0bb59c0c3ac74e6a81f6555766f36d623eea2e3ea289fe4dfb5fff00d0cd3787d279f0f14a3d772c91fc0579b217b6b0f152464f13e337f9cd2df2ecac35a320aa54daa9014c38017294a963b25c666a0310dcb352de2818b095e0f51a6c24e4ac34f822620dde9cfd1686d3117267bc7e5469b22e7c14b741bfb2c806e691a293e9ded97e54c37c54434e8b18e36a4183ebaafa17433677534fad7fd7547678866727bede10953a3782ff00315994c804132ee4d6dddf8f10be8b8c326d6190ee5d18952e44734bfc4c78cabbc774699acf5b0fbb1a7e4abb094bf8cd69e67cb2459f4013c9746356ace693a14b69d021a4f2849b5e9113c79afa9ed5c28888093368e1010e6817917d7bbc6e84d6c3162c3b13d93205be1553f13a7a8445f83b19179c909c4d220e5c7d49526b43a254f18699906dafe51d6b9b8aa268bfbd87811c12cbe9f1566c4c61a75034e87d141fdaca55a2cc35234c6e6ad241f3cd4aad582b56d8643c387eacfbc21f5859256c65d0dbd16c706be09b7ba7beb4397c77058820829c767eda3ba38ae8c79295323386ec66c761b542717810ecc7c1ecbbb23a46cadbcd91bcd3922fba0b6cad16a4b44daaec47c5e1374c0d10d7b6e9a36c518bfc94b788375cf3d32b106e1ad51c143a44eec338c9f28bfb2b81edac5d22a91d5b7913eb1eca6bb2d1ed029879abd93a0b2ccd785635e832c6860f052040546f0e2ba1dc92d04d0dac654854e6a3458ac73405b403d9dfd392e758ed148d58b85015d9aa200d022602b1acd6167730111f3cd71987d04e5304947fe010e7fe1f5301d5ddfab75a07739d7fb04ceea837a0fc2847f87d068d4b41eb1a0f76edbdd6bda4fdd77aaea4f8c51cd3dcd843094ff8e5dfe83f7089065d0bd93890e00ea241e28f512089e2ad07a2325b02ed5a24e478dfedee969d48c929cf1ec9081d4a01a46a95f6642dbb0466fe083edac3682dc17d0dfb3c16181f38049db7b0fbb622e35ef4b354868ed896e610b2629a443b507d0a2d8867afcbac18d6dbc97348b2ec25b45fbd4d87ba7c42ce1b2164dbd89dca7444e6e13dc1a7f2ada356c97fd8510062c42d54f17ba87d77ba6daa2386c2899cca03176c2a6e154be0dd7d130d8886250c33c32f6566276c80237bcb556c6f8a2335c98476a6237a72cc258c6383491995dc56d5de9899d095870edde767de509bb0c551ab67d1925c502dbd88dfafbadbeec3045e4eb1c4c92132d2a15abbff00cb615bdab75950fd34c1d5c7436b0cd3ef46fa2587c13439ad152ac5eabee67fd20fd3e1e253431585e451133a33fe1f39c3acc58dd6b9a629c90f04fd2e7119117ecdf49e08dd2e8060db13d618e2ecfc826ba954653fdf82138fdacda625c4904c584fdb257e318ae89b9cdbec1eee8760f26b609b5cb8ff006592b740299bd37b87a8f55b1bd20a79de3fa7efcbbd10c2ed5a6f16769a14bf633729af441db5d19c4d00486efb06ad127c425a358fce2bed63680021e416e53af9211d2ae89d3c433aca41adaa0483fcdc8f3e691e18bf8948e77d48f94c9d4a8caf54610e2082082419e5c577779ae768e8b19a9c9bfc98bdd4dad04175e4587dc7b2ac193631bdc86632522774e73f3e792166a1a7a038b2daafa264758c96cff3324c791779237b7c6a12261314e639af618730ef09f9968be85508c4516d566445c7077ea1f392a397285119c6a5608c062cd23bf300dbe04c7b3b6bef349194da78ebdc3f29670db39d51e180c0b92780e308a9732910c03b395f33c656c391d5be85c91469c7749a8b7eade044c803787810b36d6daf876087566349008bf1c8db4e6b40c0b1fa043f68ec104582a4a53a11288cfb1d83a96b83b783da1c1dc41b823925ee92e0c39a7efe6611ed8b47abc3b29e8c000fc21db74f64ab3dc49f4cf9962a945ae81e2ddbcf6b06973ec3e70473a41b443038363b56819f7774fd92e507754c7547fd47d4f05c6ff074c57a63e9256dfa8d68fd023c4c2a767ed134fb246f37d42ca5c5ce93724f9929a363742311565d57f82c1fce3b47b99a0e663c55146d505d23353aad710e6191c3508851ad0131e13a2184a42cd7d4781f517103c843639150383a6046e016fe51f748f1d3179d8b75ab9fe6598386a651fab86a71760ef842715b3a7fedbb75da4dc7ec87413062712d044981f345af60b1f8aabd5513d5b625f508920721c4e880e2767d46be1e24b8d8e87c53bf47dada4d6b5a6d9b8f13aa7b480fa3e91b0f014e8510ca2ddda62e5c6ee79d5ce27ea71e25595dee790c6d80d380d094370bb4fac8636c3f1a23b87645f539fb2e8be5d1cfd195b820d199279fcb207b670c0cdafe997ba69c44c5b3427194a4e523e1ba7e2a854f6233d9ba797c959ea3672b1e23347f1581dd336d4e597cb2018a375cf28954c83b1cf6968249b5c939a3981db8f6589905007b647dbbd5587a84d8a9db4f43d2688f4e283457eb182d5449fea1f57b25ceb931ed93bd8793fa0823c4c14aa40426edd96c7d50d74340a5505f819f55d361cd4009fefeca453d2c0ebfdd16d87b7df862600730c6f34da7491c0e6b261764d470930c69b8273f019945a86cda2c009ed923f565e49a29adf42ca51e9ec79d9e69be9f5b4882da82c7811983cc1497b55cf0f37bca2185c754a4dec7d1fcb16f0e0a9da5b469d517690ed62e3cd3658a9255a21174cc785e91d6a56307bc7e115c374bdaeb3d90791949f8aacc691263bedea55752b30df780f14b19cd7a3b8c5f83c623a4cd02c9776cf48aa5504345b8a03531ac6e6e92b0623a4349a60ef7803ee9f9b9685e091ace044ef54749cd65c1ec6a9b41ff00c21b987a7d9df7644eb03f53b968160c356a98eaf4e837b0d79837bee892e24eb606cbec182a14f0ec6b18d0d6b0435ba0e64ea4ea552115db349b402c2746e8e0992ca7bcff00e779bf28b437b82ca76d1df870b84cbb4ab75ad0d1aa4fe91e1770b5c336d8f8a9e693bd3d020afb18f0b88ecf33f6e6b3d670172d917fb6b644fa3bb29a280793bcf7093cada05936ae15c260d8e80e5f23d57428be2992bd8231c5a5a23bf971201f99a0ee041d15f59d06e47764a06ea32a65168cb55822f71ea39acadaa69ba26d983c42215d902c50cc68919f7722a6d50eb635ec0c706bafaa76c2e3038485f1cd9fb4a33304272d81b5c1804aae39d689ce3e9f416dc2aded9d165c1e3015abad9f9a2eb4c8502369e1416fba48da8c82792fa1e3223c126edbc319952c8b43c58018545b9f204faab3251a6ecd4194451b42f46a4e807fc8258b231b77130d14f8c38fb041f742565e0b437b45cf7714c5b33640a6d152a89766d69c80cc38f13cb442fa3f8535b10c641037a5dfd2ded1d7804d5b72a5ca9c9f08dfa693df10462b15264dd17d93b27b3d6d51737630fdcfe151d18d99d6d52f75dacbf79d0777e131ed766f5b2857c18fede4c8e4953e285fdacfccf1f40956bd6ba65da4d861f4fd92a62c8924775f8a3990b0330c5824b5c018d0a8bf094cdc08e4b95e9b5c2ffbac559af6fd3da6fafeeb9ea8b265d5680022107c6d00eb11e3c0a22cc5ce7a7a2a6b41456863dd0ca5bb8bb9bb1ae20f1c87b94f98dc69b899495b1da055de8bee913cac8ff5b239a672d0ad6c62d895af7f058fa554241e042a763bcca298fa7bec846b9404ea5614e86bf7b0ac93f2569daf8705a7bbe7d907e87e34377b0e6ce6dc7305326384b5754249c11192a91f33da5460943b7c8b4a65db38620ca054f0e4cb8e435f6fbae57176593d15d6a9a20d88c40bf7ad9b42b198033b002f2ada5b0f72f58824fe906c3bcea507b0ad0bd4e93dce3b8d2e8ce04e6b631f5d9931f6bfd27f0999fd910d003780b2cfd7386b759b0d99309d2daec10049e7978a63d95d3971037e990620c5c7384bd56831f24b61dc47e155b8695f36f11a77f24cb235d0ae299f4ad9db505505d05a071fc20db7f16d3f4e5f3d52cb36c98869cd75b8873a24aa7d5b54270a64eb155d5a818c2e3937e00bd5ab000c902354bd8fc71aa7830643dcf3536ca463667af50bdc5c7327e0511f2cbabd1cfd1259d148faaf421bbcfab50882ca76ef7103ed2adda9566547a0d5c759569cfd74cc0e6d20fdb79776c5282547f515c63fdf49af9b197a10c06813fcce3e960b76d311280f41b1b634ce60c8ee4c988a739af4f1352826bf072645526226dc7a54c41994fdb48b438c8ced904978ac3824c71d7bd4f221a209054438e6b4ba92e3e9f828143156a41fa41e2aa0d016b7d96648d944428d52c7070b47d8d8fa2374ca08f62d381c6ef4c9bb4c1f63e4942d0d1b2489098cd2900f3499b3ebbc1de0d25bc40f74d7b3f6c532374dadad95f1b4d5119a667adb2c9a86a3096bc5da472e3c8a62c063faca41c443aed70e045bcbf2b8034b4111f3259d90d98b5c9558c783d08dd99b6be1c3a9dbe77a5e1807bceeb6cd6e6e3973ef3c932e15dd6bc33c64680672a9dbb59ad6eeb2001681f74991aab0c6fa145f45944923b4efe63a7f48d3eea9a6f2f227c14310778a63d91b29a003993afe173c2e6ca4aa2812708f373d91e67243abe1c8301c4f19e2be86fd9d68396bcd2bed5c1ee930af285227190ba1ae0ad6bd4de2eaaa814e87b2ac461da0178c86607b043ddb54e4d6c7337f408bb2a71c901c7e1f71e40c8dc77140a469f65551cf7192e95e20f05e8f35d92832c440e217b71aa5bebc616358f7b2b12ea551b51ad1d97030786a3c44a70db1850f02a32ed7091dc52536633f0b262e89ed3001a150f61c7b04fe9274ee2871e71e1fc129fee461c3d6342a87e937ee5f42a55c3da1edb82129ed8d99136593656d67e1fb0e97533a6a137e9b3ac7f64c9648735c90776ce1e412077fba4fc76108123233e89b7fea14de096b86594c7dd2fed378337b7cf9e0bae6d3d928da15aae6aaa816dc596cd961aae9d17249d1748cd5152e0af2c46f656c2ffc9506921bff00d7e14d27274877515b0051a4e76427ecb4ecfd8c1afdf73a6665a32ee2754771224aaaac06ea9d2a0393340c7c37760787da1534f1ac3d97891a4e9dc50da85657984ae6cca283e76d55c38ec9eb29f0398fd9554fa602f2d284d0c466b362dc04766c754f1cb207d3438740f6bbaa629edfd3d53dd3fee67e54b6ed7ed159bfc3ca247f98aba068a63c4c9b7fb479aa36954fe219bc219af8a0452e4c1cc7cbc27ad8af05a358490c689fb23184c5ba83c07d81883f7470be3d8322b3e82582252d6d9c0f0f964c184ac1cc0e19116fcac5b5580fe7e792ec6ad1ce9d1f3bc4e1e09130153d4ca31b4f0e649e286004085cdc6996b30d46c04376f4014ddde3ec8de2a976675085ed5ffb6dfeaf6295aa63c181a93fbfd55ca4ce6bcf8e05297201fc573ae1c0f9156b4053ea4f25803700ef8575849113af13a78a93c91c392f5169ddcf8cea96816316cadba0014ab996c59fab791e216ac6eccde1bcc21cd3911709540e24fa2d980da35291963a01cc1b831c4145f19fcff915c7d891c4e0cb4da42c555ae4c0edb94ea47594e0f16904791fca8b8e1dcd96d40393ac7d7349c1af8b05bf50b270e755c660cf04c0fa5487fe461ee20fa057ec8a74ead56d3692666601b0024c928f06f46e5e98f636c411d63c4c7d239ea56dc552712071c872e70997aa6b4eec76468aac060eee7bb33e8340ba638f5488b9fa2fb366019e7c50ec6d3dd1013bd7c248b0cc5bbf8258e905214db0e104e5c534e1481195b156b2118dafa0ccad18ec51120024f043594dc6ee175c94742d17b1d0af6bb43aaa08b772eb4d90aa0dd8cdd07c4ee9aec2736831c81227c2546b8de798b92fdd006bce500a78d7d022b340362d703ab4e60f0c82d381db6d2e96bb71c6c418d7871566f94508d6db45fb843dc0d8b4911ad919a78b15181a47685c38de08e5aa0afbbf7a64fbaee1eac3c734b19568cd58e7d17dab2c34dd0d734e991075089e2dd22df39a432f2d707b331ebc931e0f68b6a3781ca2d3e8ba31e4b54c8ca3ea2bc59e5706df38a058d024423b8d70e3920788332ed1190118f1557b3fd5643768b7b2d119927c87ee8a6eef1086ed132fb1b37efaa8c8b401fd48e0a5d577ad1d5dd458c3929962b1414fa8f9756b01528e25030c0e6932ba098032565b81f9e0abeaf9e606688b64493333eebb500d4952753107e64a46397925686b20c238fcf05171131cd5cc7708d554d776bb9286ce3a272fba6cff000fb0e37aabf834347fb8927fe2129d4713c539f41bb342a3bfd6079347e5530fcec4cbf00d3a94b8ad549b1636110a38570263bd5b51c0193965e60aee82d59c7232dad19444731aa4fe9813201248e313dc11fc5552dfa320647141f68cd410e248267219f24326e3468e9d899fe5a64a8be98164c55f0e034db97e12fe2e9c1995cee1c51552b32be87e160a07428917e8873843cf7a9c968a459754a3bc0b7884bd099e98c903af446fbad693f74225105762e341ecbaee194ea3f216c735016d1836463078b910ff00fdb3f345a035e9b683c8cc23146a35a25c473d2c84d213f4904723eca5106e5a278c278ba24d59b2be285fb53c3ef73a7ec85ef39ce1c068ada95582e5d3dc0ff654bf104d80dd1c755a526cd189ec562736b73d48580339ab58c891f8518d7dd249b656292381b033bf82f39bacab5a2f75e88b4dbba5284af739ab0d25004e4af047103c0ac60f3e787a154345db6d32c94eab8e7a2e309044fcb271099cb25074fba8ef3818cfc82f6f6b116e48309e048e2ab0d240cb539f053a84fb69f95e69e42dee95a1ac8888cc67acfb26ae826267ada448bc3dbf63ec950b7b248eef35af62e24d1acda809ecb84db31fa879218df196c335ca2d0fdd7f5755a4d84c1f1b22d8ba72105db74c1122e0891dc6e0a86c4db13fc2a86ffa49d791e6ba71644a4f1b39251b5c911c6519f059c61ec79423388a7aaca7973b2e8e24ec058dc2c517922e2e0fb251c66667e1e2be818ac3c8234f7499b669c40852cb11e0c0151e05f87cbac74ee64eaafc50bc79af50a4b9a6fc2f1469a2c843194a4e5afba2b50c0b665469b2e39e7cad7410e8c269c69ca1582958db2fb95aaa320e5f27bd4b77eab772c3197a9c829b695be715a9adcec39f966b90380e3e5c5605941a52408526b3888578672b5bf75c6b37bedf3c56a35955368e0a1d5eab4b6844c8cbd945ec17cfcd60594b4725d7305ecac68038deebaebf28d392c62a0d1eaa721788559eff004fdd63071c3d971c60f10355273b2cb29cb9289cb21ea88a78b609b2e11cb3564775ff000bcd6f7584ad41b2a75f4caff851dd98f1f1c94dedee057a0e8470f9e48518e06f2cb3f9e0bac989b7c2571afb13afcfca9d4b380d010834326396c4c636ad11449edd316e6dfc8fc219b47090507a55cd376fb1c41699197c84c386db346b37f8914dc6d3fa49f647243ea2b5d92dc5dae8cd476e54667da1c0e8391fcad4cdbd4dd9f64f02a9c76cc22e2e3422e109af86226414f0cd923a90ae317d06f17b5a9c113a77fd9286d1da6f702d02da13a777cd11366516e0b055c2cdcf1559e56d6858c52023295e4ad3499e4afa94374c1cf87050decc7e742b9ebf2596c89a7706392e52a7ac68ad116045cdfeebcc68ce2c607a26a0912de5af1f195eea840b6a49fbae3a2623331ecad75c83c446b9dd031014ed30b9b926fc976c2da11cfe6aa56077b48939eb6468d644364d81b12bae60b0e06ddfcd4a96537b4ea549edbc4de64e7c1648164482411c3f3755b982e3427d0ff7f4568222413f34550222f39fb2262b633b245ad1de08517d971cfbfd454eb1922fcfcfe04a1380fa2cee715739f73ddcb250f99058c157bae792f122cbcbc881169788f257b63b5dcbcbcb2314968b7ecaa77d392f2f2013adb6ef81f35378127fabdd7579066479d506e9e67d941bf437fabee26179790097d3c6d4a6d1b8f7373c8db3032cb55bff00eaee2d76f35ae8d623ce179793a93aa15c5332bf1d97605c8d4ea61647e35e5c5b611190e3cf35e5e4793071465025c7e642571e2d6e23d7fbae2f2418b6a37f88dd27f1fb8f251ad4e3c27ee5797934bd019cc90794ab29ba584f71f55e5e40272b3bd14ea1ec0e300791fc15e5e59301e1f44733e8a559f99e401ef8cc2f2f268f4064482d16c8d956e102dc48f05e5e464032b9df723c977ace2bcbc91ba1c8567099e2ba29cdfd82f2f2280cffd9
\.


--
-- Data for Name: role; Type: TABLE DATA; Schema: public; Owner: postgres
--

COPY public.role (id, name, description) FROM stdin;
1	admin	admin of everything
2	editor	edit stuff
3	user	plan user
\.


--
-- Data for Name: user_role; Type: TABLE DATA; Schema: public; Owner: postgres
--

COPY public.user_role (id, id_user, id_role) FROM stdin;
2	3	3
3	1	1
\.


--
-- Data for Name: users; Type: TABLE DATA; Schema: public; Owner: postgres
--

COPY public.users (login, password, reg_date, id, email, name) FROM stdin;
adm	123	2026-02-26 00:00:00	1	adm@gmail.com	đÉđŻđ┤ĐÇđÁđ╣ đÜđżđ╗đ▒đ░ĐüđÁđŻđ║đż
user	1	2026-03-02 10:55:38.492634	3	nikitazamorov0@gmail.com	Nikita
\.


--
-- Name: article_history_id_seq; Type: SEQUENCE SET; Schema: public; Owner: postgres
--

SELECT pg_catalog.setval('public.article_history_id_seq', 51, true);


--
-- Name: article_id_seq; Type: SEQUENCE SET; Schema: public; Owner: postgres
--

SELECT pg_catalog.setval('public.article_id_seq', 13, true);


--
-- Name: article_image_id_seq; Type: SEQUENCE SET; Schema: public; Owner: postgres
--

SELECT pg_catalog.setval('public.article_image_id_seq', 6, true);


--
-- Name: image_id_seq; Type: SEQUENCE SET; Schema: public; Owner: postgres
--

SELECT pg_catalog.setval('public.image_id_seq', 6, true);


--
-- Name: role_id_seq; Type: SEQUENCE SET; Schema: public; Owner: postgres
--

SELECT pg_catalog.setval('public.role_id_seq', 3, true);


--
-- Name: user_role_id_seq; Type: SEQUENCE SET; Schema: public; Owner: postgres
--

SELECT pg_catalog.setval('public.user_role_id_seq', 3, true);


--
-- Name: users_id_seq; Type: SEQUENCE SET; Schema: public; Owner: postgres
--

SELECT pg_catalog.setval('public.users_id_seq', 3, true);


--
-- Name: article_image article_image_pk; Type: CONSTRAINT; Schema: public; Owner: postgres
--

ALTER TABLE ONLY public.article_image
    ADD CONSTRAINT article_image_pk PRIMARY KEY (id);


--
-- Name: article article_pk; Type: CONSTRAINT; Schema: public; Owner: postgres
--

ALTER TABLE ONLY public.article
    ADD CONSTRAINT article_pk PRIMARY KEY (id);


--
-- Name: image image_pk; Type: CONSTRAINT; Schema: public; Owner: postgres
--

ALTER TABLE ONLY public.image
    ADD CONSTRAINT image_pk PRIMARY KEY (id);


--
-- Name: role role_pk; Type: CONSTRAINT; Schema: public; Owner: postgres
--

ALTER TABLE ONLY public.role
    ADD CONSTRAINT role_pk PRIMARY KEY (id);


--
-- Name: user_role user_role_pk; Type: CONSTRAINT; Schema: public; Owner: postgres
--

ALTER TABLE ONLY public.user_role
    ADD CONSTRAINT user_role_pk PRIMARY KEY (id);


--
-- Name: users users_pk; Type: CONSTRAINT; Schema: public; Owner: postgres
--

ALTER TABLE ONLY public.users
    ADD CONSTRAINT users_pk PRIMARY KEY (id);


--
-- Name: article trigger_log_article_update; Type: TRIGGER; Schema: public; Owner: postgres
--

CREATE TRIGGER trigger_log_article_update BEFORE UPDATE ON public.article FOR EACH ROW EXECUTE FUNCTION public.log_article_update();


--
-- Name: article_history article_history_article_fk; Type: FK CONSTRAINT; Schema: public; Owner: postgres
--

ALTER TABLE ONLY public.article_history
    ADD CONSTRAINT article_history_article_fk FOREIGN KEY (id_article) REFERENCES public.article(id);


--
-- Name: article_history article_history_users_fk; Type: FK CONSTRAINT; Schema: public; Owner: postgres
--

ALTER TABLE ONLY public.article_history
    ADD CONSTRAINT article_history_users_fk FOREIGN KEY (id_user) REFERENCES public.users(id);


--
-- Name: article_image article_image_article_fk; Type: FK CONSTRAINT; Schema: public; Owner: postgres
--

ALTER TABLE ONLY public.article_image
    ADD CONSTRAINT article_image_article_fk FOREIGN KEY (id_article) REFERENCES public.article(id);


--
-- Name: article_image article_image_image_fk; Type: FK CONSTRAINT; Schema: public; Owner: postgres
--

ALTER TABLE ONLY public.article_image
    ADD CONSTRAINT article_image_image_fk FOREIGN KEY (id_image) REFERENCES public.image(id);


--
-- Name: article article_users_fk; Type: FK CONSTRAINT; Schema: public; Owner: postgres
--

ALTER TABLE ONLY public.article
    ADD CONSTRAINT article_users_fk FOREIGN KEY (id_user) REFERENCES public.users(id);


--
-- Name: user_role user_role_role_fk; Type: FK CONSTRAINT; Schema: public; Owner: postgres
--

ALTER TABLE ONLY public.user_role
    ADD CONSTRAINT user_role_role_fk FOREIGN KEY (id_role) REFERENCES public.role(id);


--
-- Name: user_role user_role_users_fk; Type: FK CONSTRAINT; Schema: public; Owner: postgres
--

ALTER TABLE ONLY public.user_role
    ADD CONSTRAINT user_role_users_fk FOREIGN KEY (id_user) REFERENCES public.users(id);


--
-- PostgreSQL database dump complete
--

